input,study,yi,vi,vi_revman,se
corrigendum_fig3_2021,Andersson 2013,1.695290883710098,0.07890697605465276,0.0801681980315502,0.2809038555353998
corrigendum_fig3_2021,Choi 2014,-2.9719486281298257,0.0708414135547081,0.07211221438913124,0.2661605033710075
corrigendum_fig3_2021,Glueckauf 2012,1.7649188660522097,0.3969620929909649,0.44053230776930646,0.6300492782243028
corrigendum_fig3_2021,Himelhoch 2013,-1.0204859672072317,0.13337013804477438,0.1353774386105602,0.3651987651194543
corrigendum_fig3_2021,Kalapatapu 2014,-0.4548091609073764,0.039872057406191555,0.03991199566117727,0.19967988733518344
corrigendum_fig3_2021,Kay-Lambkin 2009,-2.5866020102220135,0.10975060737205963,0.11287019133137594,0.3312862921583983
corrigendum_fig3_2021,Luxton 2016,-2.258368159222174,0.054153501918571906,0.05486285395552261,0.2327090499283857
corrigendum_fig3_2021,Mohr 2012,-1.4603172343705364,0.015588618715941001,0.015628880321078304,0.12485439005473938
corrigendum_fig3_2021,Nelson 2003,1.6384929844260965,0.19079748678595598,0.1986480667975738,0.4368037165432043
corrigendum_fig3_2021,Poppelaars 2016,0.28945053990837205,0.04002260360781554,0.040039440165140994,0.20005650103862044
corrigendum_fig3_2021,Sethi 2010,-3.9101969383175086,0.6134700610171011,0.718735284299279,0.7832432961839515
corrigendum_fig3_2021,Sethi 2013,-6.370517853289373,0.5522734189326883,0.5976312290961845,0.7431510068167091
corrigendum_fig3_2021,Wagner 2014,-0.23510450306861025,0.06502909242497154,0.06505934200852398,0.2550080242364376
corrigendum_fig3_2021,Wright 2005,1.9455648433528518,0.19642037599484347,0.20595847837728204,0.44319338442134204
original_fig3_2020,Andersson 2013,1.695290883710098,0.07890697605465276,0.0801681980315502,0.2809038555353998
original_fig3_2020,Choi 2014,-17.387540097570845,1.3040097832874444,1.3475079731080224,1.1419324775517352
original_fig3_2020,Glueckauf 2012,1.7649188660522097,0.3969620929909649,0.44053230776930646,0.6300492782243028
original_fig3_2020,Himelhoch 2013,-1.0204859672072317,0.13337013804477438,0.1353774386105602,0.3651987651194543
original_fig3_2020,Kalapatapu 2014,-0.4548091609073764,0.039872057406191555,0.03991199566117727,0.19967988733518344
original_fig3_2020,Kay-Lambkin 2009,-2.5866020102220135,0.10975060737205963,0.11287019133137594,0.3312862921583983
original_fig3_2020,Luxton 2016,-2.258368159222174,0.054153501918571906,0.05486285395552261,0.2327090499283857
original_fig3_2020,Mohr 2012,-1.4204904007058863,0.015412105721322473,0.015450201185555281,0.12414550221946212
original_fig3_2020,Nelson 2003,1.6384929844260965,0.19079748678595598,0.1986480667975738,0.4368037165432043
original_fig3_2020,Poppelaars 2016,0.28945053990837205,0.04002260360781554,0.040039440165140994,0.20005650103862044
original_fig3_2020,Sethi 2010,-3.9101969383175086,0.6134700610171011,0.718735284299279,0.7832432961839515
original_fig3_2020,Sethi 2013,-6.370517853289373,0.5522734189326883,0.5976312290961845,0.7431510068167091
original_fig3_2020,Wagner 2014,-0.23510450306861025,0.06502909242497154,0.06505934200852398,0.2550080242364376
original_fig3_2020,Wright 2005,1.2913993542393978,0.16112853820216555,0.1653308830672154,0.40140819398981575
original_fig3_2020_without_choi,Andersson 2013,1.695290883710098,0.07890697605465276,0.0801681980315502,0.2809038555353998
original_fig3_2020_without_choi,Glueckauf 2012,1.7649188660522097,0.3969620929909649,0.44053230776930646,0.6300492782243028
original_fig3_2020_without_choi,Himelhoch 2013,-1.0204859672072317,0.13337013804477438,0.1353774386105602,0.3651987651194543
original_fig3_2020_without_choi,Kalapatapu 2014,-0.4548091609073764,0.039872057406191555,0.03991199566117727,0.19967988733518344
original_fig3_2020_without_choi,Kay-Lambkin 2009,-2.5866020102220135,0.10975060737205963,0.11287019133137594,0.3312862921583983
original_fig3_2020_without_choi,Luxton 2016,-2.258368159222174,0.054153501918571906,0.05486285395552261,0.2327090499283857
original_fig3_2020_without_choi,Mohr 2012,-1.4204904007058863,0.015412105721322473,0.015450201185555281,0.12414550221946212
original_fig3_2020_without_choi,Nelson 2003,1.6384929844260965,0.19079748678595598,0.1986480667975738,0.4368037165432043
original_fig3_2020_without_choi,Poppelaars 2016,0.28945053990837205,0.04002260360781554,0.040039440165140994,0.20005650103862044
original_fig3_2020_without_choi,Sethi 2010,-3.9101969383175086,0.6134700610171011,0.718735284299279,0.7832432961839515
original_fig3_2020_without_choi,Sethi 2013,-6.370517853289373,0.5522734189326883,0.5976312290961845,0.7431510068167091
original_fig3_2020_without_choi,Wagner 2014,-0.23510450306861025,0.06502909242497154,0.06505934200852398,0.2550080242364376
original_fig3_2020_without_choi,Wright 2005,1.2913993542393978,0.16112853820216555,0.1653308830672154,0.40140819398981575
