input,model,estimate,ci_lb,ci_ub,tau2,i2,q,k,published,sign_convention
corrigendum_fig3_2021,"DL, RevMan variance",-0.9243207709450659,-1.7562064791648275,-0.09243506272530444,2.340158102580099,96.9062683307576,420.20450995297546,14,"-0.92 [-1.76, -0.09], I2 97%",Luo: negative favours face-to-face
corrigendum_fig3_2021,"DL, metafor LS variance",-0.9329554454400062,-1.7715446830043813,-0.0943662078756311,2.392862666407265,97.01236820729699,435.1272480012821,14,NA,Luo: negative favours face-to-face
corrigendum_fig3_2021,"REML, metafor LS variance",-0.9645869697181394,-2.213972143119574,0.2847982036832951,5.5121701932246525,98.68074862075117,435.1272480012821,14,NA,Luo: negative favours face-to-face
corrigendum_fig3_2021,"REML + HKSJ, metafor LS variance",-0.9645869697181394,-2.362443054487849,0.4332691150515705,5.5121701932246525,98.68074862075117,435.1272480012821,14,NA,Luo: negative favours face-to-face
original_fig3_2020,"DL, RevMan variance",-1.7306628746098276,-2.7206016160058946,-0.7407241332137605,3.3161848627003216,97.62924118147653,548.3476386727752,14,"-1.73 [-2.72, -0.74], tau2 3.32, Q 548.36, I2 98%",Luo: negative favours face-to-face
original_fig3_2020,"DL, metafor LS variance",-1.7479012207444466,-2.746461241679577,-0.7493411998093166,3.393021341785587,97.71084851282345,567.8960118115335,14,NA,Luo: negative favours face-to-face
original_fig3_2020,"REML, metafor LS variance",-2.009731656992957,-4.5429973985286924,0.5235340845427787,23.124661203364766,99.65742739243098,567.8960118115335,14,NA,Luo: negative favours face-to-face
original_fig3_2020,"REML + HKSJ, metafor LS variance",-2.009731656992957,-4.846161016697696,0.8266977027117823,23.124661203364766,99.65742739243098,567.8960118115335,14,NA,Luo: negative favours face-to-face
original_fig3_2020_without_choi,"DL, RevMan variance",-0.7944387256176811,-1.6102828038319816,0.021405352596619243,2.0667123657960405,96.51012115306766,343.8514781264737,13,"addendum: -0.79 [-1.60, 0.02] (outlier unnamed)",Luo: negative favours face-to-face
original_fig3_2020_without_choi,"DL, metafor LS variance",-0.8060031781020169,-1.6291360427743002,0.017129686570266367,2.119081169289649,96.63549596074463,356.6647523673619,13,NA,Luo: negative favours face-to-face
original_fig3_2020_without_choi,"REML, metafor LS variance",-0.8519084460423685,-2.1282810566174684,0.42446416453273117,5.33112273686314,98.63496378191896,356.6647523673619,13,NA,Luo: negative favours face-to-face
original_fig3_2020_without_choi,"REML + HKSJ, metafor LS variance",-0.8519084460423685,-2.29615156096459,0.592334668879853,5.33112273686314,98.63496378191896,356.6647523673619,13,NA,Luo: negative favours face-to-face
