study,change_e,fig3_mean_e,se_change_e,fig3_sd_e,change_c,fig3_mean_c,se_change_c,fig3_sd_c,mean_mismatch,sd_mismatch
Luxton 2016,13.019999999999998,13,2.1803406806898247,2.2,17.950000000000003,18,2.193032108863998,2.2,FALSE,FALSE
Mohr 2012,9.249999999999998,9.25,0.6924771042260536,0.7,10.319999999999999,10.35,0.7531337821576991,0.8,FALSE,FALSE
Choi 2014,9.86,9.86,1.3189822916606142,1.3,13.67,13.67,1.2540708316493334,1.25,FALSE,FALSE
Wagner 2014,10.55,10.6,2.0724819058317494,2.1,11.08,11.1,2.1223399036597947,2.1,FALSE,FALSE
Sethi 2013,5.479999999999999,5.5,1.2342098334738216,1.2,13.620000000000001,13.6,1.6299006688986266,1.3,FALSE,TRUE
Sethi 2010,0.6999999999999993,0.7,3.3711191679388084,3.4,11.8,11.8,1.8873261509341728,1.9,FALSE,FALSE
Wright 2005,20.400000000000002,20.4,2.9760152329359246,2.9,14.7,14.7,2.810575267331109,2.8,FALSE,FALSE
Himelhoch 2013,6.300000000000001,6.3,2.5124689052802225,2.5,8.700000000000001,8.7,2.1072625739464828,2.1,FALSE,FALSE
Poppelaars 2016,4.729999999999997,4.7,2.430548231548256,2.4,4.020000000000003,4,2.383463865889307,2.4,FALSE,FALSE
Glueckauf 2012,8,9.4,3.457352413955759,3.5,2.8000000000000007,2.8,3.530479530359256,3.5,TRUE,FALSE
Kalapatapu 2014,9.399999999999999,9.4,1.46102703602637,1.5,10,10,1.1182870998700867,1.1,FALSE,FALSE
Nelson 2003,7.6499999999999995,7.7,2.9261249363034967,2.9,1.9299999999999997,1.9,3.8897245587389793,3.9,FALSE,FALSE
Kay-Lambkin 2009,11.48,11.5,2.7680752563830344,2.8,18.259999999999998,18.3,2.4324408669952433,2.4,FALSE,FALSE
Andersson 2013,10.000000000000002,10,1.899601234071206,1.9,7,7,1.5723301886761007,1.6,FALSE,FALSE
