study,baseline_g,baseline_v,direction
Luxton 2016,-0.2566346092945613,0.03335033902641992,positive = eCBT arm more depressed at baseline
Mohr 2012,0,0.012307808831326213,positive = eCBT arm more depressed at baseline
Choi 2014,-0.6415642020801099,0.035459589929279264,positive = eCBT arm more depressed at baseline
Wagner 2014,-0.06469462176455587,0.06461708651144026,positive = eCBT arm more depressed at baseline
Sethi 2013,-0.6233706223431988,0.09551311454316451,positive = eCBT arm more depressed at baseline
Sethi 2010,-0.3391896929884573,0.2141387334224165,positive = eCBT arm more depressed at baseline
Wright 2005,0.8653916013069393,0.14581504372687648,positive = eCBT arm more depressed at baseline
Himelhoch 2013,-0.3717035897756543,0.12008737259455714,positive = eCBT arm more depressed at baseline
Poppelaars 2016,-0.0654768411868425,0.03962906698246187,positive = eCBT arm more depressed at baseline
Glueckauf 2012,0.09942391076766083,0.2860673255011548,positive = eCBT arm more depressed at baseline
Kalapatapu 2014,0.09318772050835067,0.03891007963147442,positive = eCBT arm more depressed at baseline
Nelson 2003,0.08232420276787833,0.14297816561359583,positive = eCBT arm more depressed at baseline
Kay-Lambkin 2009,-0.6400232966733935,0.06287836752877692,positive = eCBT arm more depressed at baseline
Andersson 2013,-0.10078055526486389,0.05815440750341311,positive = eCBT arm more depressed at baseline
