study,r,change_e,change_c,sd_change_e,sd_change_c,yi,vi,sign_convention
Luxton 2016,0.3,13.019999999999998,17.950000000000003,14.368482870505153,14.09476782355779,0.34412363706374977,0.033567528096247246,positive favours face-to-face CBT
Mohr 2012,0.3,9.249999999999998,10.319999999999999,7.571294473206018,8.287128573878892,0.13451225304185632,0.012335645056277591,positive favours face-to-face CBT
Choi 2014,0.3,9.86,13.67,8.277758150610588,8.341634132470688,0.4554459857425582,0.03460171774666718,positive favours face-to-face CBT
Wagner 2014,0.3,10.55,11.08,10.045722472774171,9.74580627757396,0.052852762288666255,0.0646058608694748,positive favours face-to-face CBT
Sethi 2013,0.3,5.479999999999999,13.620000000000001,5.061535340190761,6.571217543195477,1.371260904279408,0.11246499562048987,positive favours face-to-face CBT
Sethi 2010,0.3,0.6999999999999993,11.8,8.893593199601609,5.112142408032077,1.4837070427131553,0.2690423371268116,positive favours face-to-face CBT
Wright 2005,0.3,20.400000000000002,14.7,9.643547065265976,9.154780172128657,-0.5898226374115144,0.1391315123933846,positive favours face-to-face CBT
Himelhoch 2013,0.3,6.300000000000001,8.700000000000001,8.6120845327946,7.552085804597297,0.29049571920997524,0.11929655206848674,positive favours face-to-face CBT
Poppelaars 2016,0.3,4.729999999999997,4.020000000000003,14.526116480326047,14.188721577365595,-0.04906683334275941,0.0396197617220781,positive favours face-to-face CBT
Glueckauf 2012,0.3,8,2.8000000000000007,8.520961213384322,7.870324008578045,-0.5933723616185353,0.2982889556975985,positive favours face-to-face CBT
Kalapatapu 2014,0.3,9.399999999999999,10,8.988103248183123,7.061444611409199,0.07394300260375676,0.038894466118758485,positive favours face-to-face CBT
Nelson 2003,0.3,7.6499999999999995,1.9299999999999997,9.571891140208397,12.278513753708143,-0.5044306763700688,0.1474008983439851,positive favours face-to-face CBT
Kay-Lambkin 2009,0.3,11.48,18.259999999999998,13.15875906003298,12.05073856657757,0.5322239504890615,0.06193532658242993,positive favours face-to-face CBT
Andersson 2013,0.3,10.000000000000002,7,9.53184137509642,8.06225774829855,-0.33727418415825017,0.05890511152500818,positive favours face-to-face CBT
Luxton 2016,0.5,13.019999999999998,17.950000000000003,12.148864144437537,11.913639242481704,0.4070575207802245,0.03376287829309749,positive favours face-to-face CBT
Mohr 2012,0.5,9.249999999999998,10.319999999999999,6.59033383069477,7.293976967334076,0.1535995404076505,0.012344105475654584,positive favours face-to-face CBT
Choi 2014,0.5,9.86,13.67,7.018033912713731,7.065288387603156,0.5374775627164288,0.0349439491941234,positive favours face-to-face CBT
Wagner 2014,0.5,10.55,11.08,8.750068571159884,8.259219091415362,0.061451460443753894,0.06461378722035487,positive favours face-to-face CBT
Sethi 2013,0.5,5.479999999999999,13.620000000000001,4.397919962891549,5.897126418858595,1.5472411962615313,0.11830134620916755,positive favours face-to-face CBT
Sethi 2010,0.5,0.6999999999999993,11.8,7.977468270071651,4.450842616853577,1.6672226179166147,0.2842593021030251,positive favours face-to-face CBT
Wright 2005,0.5,20.400000000000002,14.7,8.150460109711599,7.790378681424928,-0.6956094133258885,0.14139787426512646,positive favours face-to-face CBT
Himelhoch 2013,0.5,6.300000000000001,8.700000000000001,7.50199973340442,6.462971452822611,0.336220580781715,0.11971797142233781,positive favours face-to-face CBT
Poppelaars 2016,0.5,4.729999999999997,4.020000000000003,12.280997516488632,12.090066170207672,-0.05781675794003394,0.0396243915407138,positive favours face-to-face CBT
Glueckauf 2012,0.5,8,2.8000000000000007,8.076465811232039,6.71341939699882,-0.6553613385559469,0.3010535172883515,positive favours face-to-face CBT
Kalapatapu 2014,0.5,9.399999999999999,10,7.968061244744545,6.238589584192889,0.08352214736163645,0.03890178835888392,positive favours face-to-face CBT
Nelson 2003,0.5,7.6499999999999995,1.9299999999999997,8.531582502677917,10.49080073206998,-0.5807794768350357,0.148880442869871,positive favours face-to-face CBT
Kay-Lambkin 2009,0.5,11.48,18.259999999999998,11.186022528137515,10.196857359010178,0.6274707144508307,0.06275963377660346,positive favours face-to-face CBT
Andersson 2013,0.5,10.000000000000002,7,8.48763806956918,7,-0.3829306067332471,0.05914338670090295,positive favours face-to-face CBT
Luxton 2016,0.6,13.019999999999998,17.950000000000003,10.870404776272132,10.65696767378038,0.45499167445722216,0.0339336287005423,positive favours face-to-face CBT
Mohr 2012,0.6,9.249999999999998,10.319999999999999,6.040405615519541,6.742766494548065,0.16679527478806855,0.012350609852390254,positive favours face-to-face CBT
Choi 2014,0.6,9.86,13.67,6.294327605074271,6.331352146263861,0.5995456394924595,0.03524047374626975,positive favours face-to-face CBT
Wagner 2014,0.6,10.55,11.08,8.024168492747394,7.404841659346944,0.06769382544848025,0.06462028860755792,positive favours face-to-face CBT
Sethi 2013,0.6,5.479999999999999,13.620000000000001,4.025292535953133,5.529348967102727,1.6651154041991076,0.12260423245794416,positive favours face-to-face CBT
Sethi 2010,0.6,0.6999999999999993,11.8,7.477432714508368,4.080196073719987,1.7888247624754208,0.29531884876493336,positive favours face-to-face CBT
Wright 2005,0.6,20.400000000000002,14.7,7.290130314335952,7.009279563550023,-0.7755066483070451,0.1433568426928071,positive favours face-to-face CBT
Himelhoch 2013,0.6,6.300000000000001,8.700000000000001,6.880116278087166,5.842773314103502,0.3690035116418153,0.12005796131443777,positive favours face-to-face CBT
Poppelaars 2016,0.6,4.729999999999997,4.020000000000003,10.987734980422488,10.890116620128548,-0.06440911652872439,0.03962838043573021,positive favours face-to-face CBT
Glueckauf 2012,0.6,8,2.8000000000000007,7.844779155591316,6.052602745926746,-0.6946526775150145,0.3029479407992421,positive favours face-to-face CBT
Kalapatapu 2014,0.6,9.399999999999999,10,7.405538467930607,5.783424591018716,0.08995652056428691,0.03890720693408845,positive favours face-to-face CBT
Nelson 2003,0.6,7.6499999999999995,1.9299999999999997,7.9606092731649625,9.471240679024055,-0.6347452228425242,0.15005181246288224,positive favours face-to-face CBT
Kay-Lambkin 2009,0.6,11.48,18.259999999999998,10.055554683855089,9.129824751877772,0.6993399035307342,0.06347125171075974,positive favours face-to-face CBT
Andersson 2013,0.6,10.000000000000002,7,7.91403816013039,6.4031242374328485,-0.41401683324170413,0.05932290908231162,positive favours face-to-face CBT
Luxton 2016,0.7,13.019999999999998,17.950000000000003,9.420005307854131,9.230770282051225,0.5251628982675701,0.034217837981085304,positive favours face-to-face CBT
Mohr 2012,0.7,9.249999999999998,10.319999999999999,5.435117294042512,6.142287847374136,0.18410483789104584,0.01235995435645681,positive favours face-to-face CBT
Choi 2014,0.7,9.86,13.67,5.475794006351955,5.500339989491559,0.6896781738986978,0.03572871328289924,positive favours face-to-face CBT
Wagner 2014,0.7,10.55,11.08,7.225708269782277,6.438063373406633,0.0763299539857737,0.06463031931620002,positive favours face-to-face CBT
Sethi 2013,0.7,5.479999999999999,13.620000000000001,3.6144515489905253,5.135299407045318,1.8148150121741777,0.12852405312966694,positive favours face-to-face CBT
Sethi 2010,0.7,0.6999999999999993,11.8,6.94146958503745,3.6723289612996273,1.9416167258795574,0.3103183613799335,positive favours face-to-face CBT
Wright 2005,0.7,20.400000000000002,14.7,6.313636036389808,6.129437168288781,-0.891275880958332,0.14657287826630083,positive favours face-to-face CBT
Himelhoch 2013,0.7,6.300000000000001,8.700000000000001,6.196127823084351,5.148397809027583,0.4137277500146979,0.12057277101338239,positive favours face-to-face CBT
Poppelaars 2016,0.7,4.729999999999997,4.020000000000003,9.520385496396667,9.540418229826196,-0.07393312637930669,0.039634903073770836,positive favours face-to-face CBT
Glueckauf 2012,0.7,8,2.8000000000000007,7.606038390647263,5.310178904707449,-0.7419800232599195,0.30537622696131395,positive favours face-to-face CBT
Kalapatapu 2014,0.7,9.399999999999999,10,6.796616805440777,5.289234349128426,0.09815123572995112,0.03891468989274517,positive favours face-to-face CBT
Nelson 2003,0.7,7.6499999999999995,1.9299999999999997,7.345386307063774,8.327778815506571,-0.7072279349276087,0.15178877414182088,positive favours face-to-face CBT
Kay-Lambkin 2009,0.7,11.48,18.259999999999998,8.780732315701238,7.9203219631527615,0.8033587165495732,0.06463773623901198,positive favours face-to-face CBT
Andersson 2013,0.7,10.000000000000002,7,7.295478051505604,5.744562646538029,-0.45415526601479894,0.05957542406377165,positive favours face-to-face CBT
