study,n_e,n_c,g,v,se,ci_lb,ci_ub,sign_convention
Luxton 2016,62,59,0.1529181775070991,0.03317481277156174,0.1821395420318217,-0.2040687650358907,0.5099051200500889,positive favours face-to-face CBT
Mohr 2012,163,162,0.1336020257551756,0.01233526960253527,0.11106425888887599,-0.08407992163665381,0.351283973147005,positive favours face-to-face CBT
Choi 2014,56,63,-0.05320762606042587,0.03374205390440657,0.1836901029027056,-0.41323361206618514,0.30681835994533346,positive favours face-to-face CBT
Wagner 2014,32,30,0.008366338082003212,0.06458389781408254,0.25413362196703243,-0.4897264082340973,0.5064590843981037,positive favours face-to-face CBT
Sethi 2013,23,21,1.3817653308305167,0.11279362018730792,0.3358476145327043,0.7235161020527257,2.0400145596083075,positive favours face-to-face CBT
Sethi 2010,9,10,2.2187164011932876,0.34065591292490305,0.5836573591799413,1.0747689978888446,3.3626638044977306,positive favours face-to-face CBT
Wright 2005,15,15,0.1171867202884986,0.13356221212353292,0.3654616424791156,-0.5991049367014213,0.8334783772784186,positive favours face-to-face CBT
Himelhoch 2013,16,18,0.04951517786779898,0.1180916107443685,0.3436445994692314,-0.6240158605735865,0.7230462163091845,positive favours face-to-face CBT
Poppelaars 2016,51,50,-0.11136597944603314,0.03966924106486864,0.1991713861599317,-0.5017347230704186,0.27900276417835224,positive favours face-to-face CBT
Glueckauf 2012,7,7,-0.9450961593125073,0.31761452679811614,0.5635730004161982,-2.0496789427874322,0.15948662416241755,positive favours face-to-face CBT
Kalapatapu 2014,50,53,0.1205840156719644,0.03893850950323187,0.19732843054976104,-0.26617260133138043,0.5073406326753093,positive favours face-to-face CBT
Nelson 2003,14,14,-0.5383072689154995,0.14803169135298685,0.3847488679034506,-1.2924011930988213,0.21578665526782215,positive favours face-to-face CBT
Kay-Lambkin 2009,32,35,0.03823236593872764,0.059832336883408214,0.2446064939518332,-0.44118755259147985,0.5176522844689351,positive favours face-to-face CBT
Andersson 2013,33,36,-0.38860972858943277,0.05917513794424542,0.24325940463678977,-0.8653894005781964,0.08816994339933087,positive favours face-to-face CBT
