analysis,model,r,subset,k,estimate,se,ci_lb,ci_ub,tau2,i2,i2_q,q,q_p,sign_convention
post-test Hedges g,DL,NA,all 14,14,0.09930443032128446,0.11683847932949608,-0.1296947811729554,0.3283036418155243,0.11278025745588055,67.55170651675532,67.5517065167553,40.063740198580255,1.3500750743754094e-4,positive favours face-to-face CBT
post-test Hedges g,REML,NA,all 14,14,0.10967362813378805,0.1402929553825274,-0.16529551170065032,0.38464276796822644,0.19103172561453954,77.90680548392645,67.5517065167553,40.063740198580255,1.3500750743754094e-4,positive favours face-to-face CBT
post-test Hedges g,"REML + HKSJ (knha, untruncated)",NA,all 14,14,0.10967362813378805,0.16746730261496676,-0.2521174834179556,0.4714647396855317,0.19103172561453954,77.90680548392645,67.5517065167553,40.063740198580255,1.3500750743754094e-4,positive favours face-to-face CBT
post-test Hedges g,"REML + HKSJ (adhoc, truncated)",NA,all 14,14,0.10967362813378805,0.16746730261496676,-0.2521174834179556,0.4714647396855317,0.19103172561453954,77.90680548392645,67.5517065167553,40.063740198580255,1.3500750743754094e-4,positive favours face-to-face CBT
post-test Hedges g,DL,NA,without Sethi 2010 and Sethi 2013,12,0.01139495099788047,0.06123418556620544,-0.1086218473345246,0.13141174933028554,0,0,0,10.358132932481377,0.49848947296125085,positive favours face-to-face CBT
post-test Hedges g,REML,NA,without Sethi 2010 and Sethi 2013,12,0.011389571023631672,0.0612365685245687,-0.10863189782134204,0.1314110398686054,1.9505912476752815e-6,0.004021421386760021,0,10.358132932481377,0.49848947296125085,positive favours face-to-face CBT
post-test Hedges g,"REML + HKSJ (knha, untruncated)",NA,without Sethi 2010 and Sethi 2013,12,0.011389571023631672,0.05942193393591236,-0.11939722375325718,0.1421763658005205,1.9505912476752815e-6,0.004021421386760021,0,10.358132932481377,0.49848947296125085,positive favours face-to-face CBT
post-test Hedges g,"REML + HKSJ (adhoc, truncated)",NA,without Sethi 2010 and Sethi 2013,12,0.011389571023631672,0.0612365685245687,-0.12339120755387878,0.1461703496011421,1.9505912476752815e-6,0.004021421386760021,0,10.358132932481377,0.49848947296125085,positive favours face-to-face CBT
SMCR difference (Morris-type),DL,0.3,all 14,14,0.2342640626225743,0.14109049198055068,-0.04226822022034235,0.5107963454654909,0.11229174025805182,44.73099882763589,44.73099882763588,23.521322485017738,0.03582950857108771,positive favours face-to-face CBT
SMCR difference (Morris-type),REML,0.3,all 14,14,0.2333187722716479,0.13219264896623314,-0.02577405872311503,0.49241160326641087,0.08362379910605176,37.605716269201146,44.73099882763588,23.521322485017738,0.03582950857108771,positive favours face-to-face CBT
SMCR difference (Morris-type),"REML + HKSJ (knha, untruncated)",0.3,all 14,14,0.2333187722716479,0.15125855972122515,-0.09345547917179234,0.5600930237150882,0.08362379910605176,37.605716269201146,44.73099882763588,23.521322485017738,0.03582950857108771,positive favours face-to-face CBT
SMCR difference (Morris-type),"REML + HKSJ (adhoc, truncated)",0.3,all 14,14,0.2333187722716479,0.15125855972122515,-0.09345547917179234,0.5600930237150882,0.08362379910605176,37.605716269201146,44.73099882763588,23.521322485017738,0.03582950857108771,positive favours face-to-face CBT
SMCR difference (Morris-type),DL,0.5,all 14,14,0.22968139050597391,0.1416451532919124,-0.04793800853082947,0.5073007895427772,0.136356203423287,54.234134670001794,54.23413467000179,28.405450014464982,0.007941330600589228,positive favours face-to-face CBT
SMCR difference (Morris-type),REML,0.5,all 14,14,0.22992704233455913,0.1430375652980782,-0.050421434085970385,0.5102755187550887,0.14131176024347114,55.118751513122305,54.23413467000179,28.405450014464982,0.007941330600589228,positive favours face-to-face CBT
SMCR difference (Morris-type),"REML + HKSJ (knha, untruncated)",0.5,all 14,14,0.22992704233455913,0.16034938449570393,-0.11648674201306053,0.5763408266821788,0.14131176024347114,55.118751513122305,54.23413467000179,28.405450014464982,0.007941330600589228,positive favours face-to-face CBT
SMCR difference (Morris-type),"REML + HKSJ (adhoc, truncated)",0.5,all 14,14,0.22992704233455913,0.16034938449570393,-0.11648674201306053,0.5763408266821788,0.14131176024347114,55.118751513122305,54.23413467000179,28.405450014464982,0.007941330600589228,positive favours face-to-face CBT
SMCR difference (Morris-type),DL,0.7,all 14,14,0.22340382064912656,0.1415252539414841,-0.05398057997906758,0.5007882212773207,0.1607238671171885,64.18290315729865,64.18290315729867,36.29551567814767,5.337917455265033e-4,positive favours face-to-face CBT
SMCR difference (Morris-type),REML,0.7,all 14,14,0.22673787750636887,0.1536784871957004,-0.07446642259580372,0.5279421776085415,0.2075399847137091,69.8243556147498,64.18290315729867,36.29551567814767,5.337917455265033e-4,positive favours face-to-face CBT
SMCR difference (Morris-type),"REML + HKSJ (knha, untruncated)",0.7,all 14,14,0.22673787750636887,0.16841331779939103,-0.13709697559834289,0.5905727306110806,0.2075399847137091,69.8243556147498,64.18290315729867,36.29551567814767,5.337917455265033e-4,positive favours face-to-face CBT
SMCR difference (Morris-type),"REML + HKSJ (adhoc, truncated)",0.7,all 14,14,0.22673787750636887,0.16841331779939103,-0.13709697559834289,0.5905727306110806,0.2075399847137091,69.8243556147498,64.18290315729867,36.29551567814767,5.337917455265033e-4,positive favours face-to-face CBT
SMCR difference (Morris-type),DL,0.9,all 14,14,0.21326563988408798,0.1394172139952867,-0.05998707837158751,0.48651835813976346,0.18131736917619196,75.36018350064163,75.36018350064163,52.76013317850205,9.947846271607114e-7,positive favours face-to-face CBT
SMCR difference (Morris-type),REML,0.9,all 14,14,0.2237319700231868,0.1644201203466384,-0.09852554418996579,0.5459894842363393,0.2832141186596222,82.69079246393264,75.36018350064163,52.76013317850205,9.947846271607114e-7,positive favours face-to-face CBT
SMCR difference (Morris-type),"REML + HKSJ (knha, untruncated)",0.9,all 14,14,0.2237319700231868,0.1756232029412848,-0.15567889295876902,0.6031428330051426,0.2832141186596222,82.69079246393264,75.36018350064163,52.76013317850205,9.947846271607114e-7,positive favours face-to-face CBT
SMCR difference (Morris-type),"REML + HKSJ (adhoc, truncated)",0.9,all 14,14,0.2237319700231868,0.1756232029412848,-0.15567889295876902,0.6031428330051426,0.2832141186596222,82.69079246393264,75.36018350064163,52.76013317850205,9.947846271607114e-7,positive favours face-to-face CBT
SMD of change scores (SD_change imputed),DL,0.3,all 14,14,0.18438473915806353,0.11668595449900171,-0.04431552916165929,0.4130850074777863,0.11306267554291662,67.5408775988418,67.5408775988418,40.05037425021736,1.3567822709234083e-4,positive favours face-to-face CBT
SMD of change scores (SD_change imputed),REML,0.3,all 14,14,0.18527792943929502,0.13548662687159163,-0.08027097961584126,0.4508268384944313,0.17481240953807878,76.28778687087427,67.5408775988418,40.05037425021736,1.3567822709234083e-4,positive favours face-to-face CBT
SMD of change scores (SD_change imputed),"REML + HKSJ (knha, untruncated)",0.3,all 14,14,0.18527792943929502,0.15007964520783934,-0.13894943204077745,0.5095052909193675,0.17481240953807878,76.28778687087427,67.5408775988418,40.05037425021736,1.3567822709234083e-4,positive favours face-to-face CBT
SMD of change scores (SD_change imputed),"REML + HKSJ (adhoc, truncated)",0.3,all 14,14,0.18527792943929502,0.15007964520783934,-0.13894943204077745,0.5095052909193675,0.17481240953807878,76.28778687087427,67.5408775988418,40.05037425021736,1.3567822709234083e-4,positive favours face-to-face CBT
SMD of change scores (SD_change imputed),DL,0.5,all 14,14,0.20988889451623324,0.13149026726843482,-0.047827293647444896,0.4676050826799114,0.15976478094791596,74.48534394700121,74.48534394700121,50.95110815131715,2.0458512271899065e-6,positive favours face-to-face CBT
SMD of change scores (SD_change imputed),REML,0.5,all 14,14,0.2114041576568074,0.16269851006351485,-0.10747906240600921,0.530287377719624,0.28233663612336934,83.76365338871277,74.48534394700121,50.95110815131715,2.0458512271899065e-6,positive favours face-to-face CBT
SMD of change scores (SD_change imputed),"REML + HKSJ (knha, untruncated)",0.5,all 14,14,0.2114041576568074,0.17628832902763444,-0.16944362287469397,0.5922519381883088,0.28233663612336934,83.76365338871277,74.48534394700121,50.95110815131715,2.0458512271899065e-6,positive favours face-to-face CBT
SMD of change scores (SD_change imputed),"REML + HKSJ (adhoc, truncated)",0.5,all 14,14,0.2114041576568074,0.17628832902763444,-0.16944362287469397,0.5922519381883088,0.28233663612336934,83.76365338871277,74.48534394700121,50.95110815131715,2.0458512271899065e-6,positive favours face-to-face CBT
SMD of change scores (SD_change imputed),DL,0.6,all 14,14,0.22785129143328162,0.1417258495110195,-0.04992626928666019,0.5056288521532234,0.1958666672655838,78.06684503262417,78.06684503262417,59.27099872014157,7.089973434268896e-8,positive favours face-to-face CBT
SMD of change scores (SD_change imputed),REML,0.6,all 14,14,0.22983323178844564,0.18083918290015638,-0.12460505368951244,0.5842715172664037,0.36609118670352925,86.93262034266581,78.06684503262417,59.27099872014157,7.089973434268896e-8,positive favours face-to-face CBT
SMD of change scores (SD_change imputed),"REML + HKSJ (knha, untruncated)",0.6,all 14,14,0.22983323178844564,0.1937835371959078,-0.18881064810808526,0.6484771116849766,0.36609118670352925,86.93262034266581,78.06684503262417,59.27099872014157,7.089973434268896e-8,positive favours face-to-face CBT
SMD of change scores (SD_change imputed),"REML + HKSJ (adhoc, truncated)",0.6,all 14,14,0.22983323178844564,0.1937835371959078,-0.18881064810808526,0.6484771116849766,0.36609118670352925,86.93262034266581,78.06684503262417,59.27099872014157,7.089973434268896e-8,positive favours face-to-face CBT
SMD of change scores (SD_change imputed),DL,0.7,all 14,14,0.2522265445227139,0.15545660507649522,-0.05246280258608321,0.5569158916315111,0.24911579279875337,81.78654262496727,81.78654262496727,71.37579500869823,4.475539057617618e-10,positive favours face-to-face CBT
SMD of change scores (SD_change imputed),REML,0.7,all 14,14,0.254796023506297,0.20434296960139184,-0.14570883740639407,0.655300884418988,0.48871187455625154,89.80558604499441,81.78654262496727,71.37579500869823,4.475539057617618e-10,positive favours face-to-face CBT
SMD of change scores (SD_change imputed),"REML + HKSJ (knha, untruncated)",0.7,all 14,14,0.254796023506297,0.21646775557465195,-0.21285413077203003,0.722446177784624,0.48871187455625154,89.80558604499441,81.78654262496727,71.37579500869823,4.475539057617618e-10,positive favours face-to-face CBT
SMD of change scores (SD_change imputed),"REML + HKSJ (adhoc, truncated)",0.7,all 14,14,0.254796023506297,0.21646775557465195,-0.21285413077203003,0.722446177784624,0.48871187455625154,89.80558604499441,81.78654262496727,71.37579500869823,4.475539057617618e-10,positive favours face-to-face CBT
