study,r,smcr_e,v_e,smcr_c,v_c,yi,vi,sign_convention
Luxton 2016,0.3,-1.0897583566351734,0.03215784899884027,-1.5090898023383672,0.04302840704679366,0.4193314457031938,0.07518625604563392,positive favours face-to-face CBT
Mohr 2012,0.3,-2.001543189648605,0.02087783785284881,-2.233008304535905,0.024031870642365172,0.2314651148872997,0.04490970849521398,positive favours face-to-face CBT
Choi 2014,0.3,-1.5100665067112107,0.045359829059741064,-2.0491434255589738,0.055547529988187024,0.5390769188477631,0.10090735904792808,positive favours face-to-face CBT
Wagner 2014,0.3,-1.6956065972001617,0.08867315206982361,-1.4142247482741337,0.08000052731051727,-0.281381848926028,0.1686736793803409,positive favours face-to-face CBT
Sethi 2013,0.3,-1.0518229841297533,0.08492025195529607,-1.9267183161101444,0.15505341594367406,0.8748953319803912,0.23997366789897012,positive favours face-to-face CBT
Sethi 2010,0.3,-0.06868394930146592,0.1558176380495359,-2.114455631990612,0.36354613098284083,2.045771682689146,0.5193637690323767,positive favours face-to-face CBT
Wright 2005,0.3,-2.3516914241291387,0.2776817518107512,-2.043489650119134,0.2325283316714674,-0.3082017740100045,0.5102100834822186,positive favours face-to-face CBT
Himelhoch 2013,0.3,-1.1497591921151966,0.12881081874541842,-1.5678245469505199,0.14605760583390565,0.41806535483532326,0.27486842457932403,positive favours face-to-face CBT
Poppelaars 2016,0.3,-0.3891924383507098,0.028935987784993834,-0.38095291169291734,0.029451251209273114,-0.008239526657792484,0.05838723899426695,positive favours face-to-face CBT
Glueckauf 2012,0.3,-0.7799117286890355,0.24344730746762283,-0.3286695575563186,0.20771597700459044,-0.45124217113271686,0.45116328447221327,positive favours face-to-face CBT
Kalapatapu 2014,0.3,-1.9692043544723419,0.06677765789672832,-2.5934092853712674,0.0898657709570746,0.6242049308989255,0.15664342885380292,positive favours face-to-face CBT
Nelson 2003,0.3,-0.7308137945334303,0.11907460008144109,-0.2075538471107791,0.10153852140894587,-0.5232599474226513,0.22061312149038698,positive favours face-to-face CBT
Kay-Lambkin 2009,0.3,-1.1324184213711699,0.06378705439157456,-1.840589514585589,0.08839671087432022,0.7081710932144192,0.15218376526589478,positive favours face-to-face CBT
Andersson 2013,0.3,-2.0340557507904786,0.10511186056551237,-1.3697477324995984,0.06494734514844154,-0.6643080182908803,0.17005920571395391,positive favours face-to-face CBT
Luxton 2016,0.5,-1.0897583566351734,0.025706236095614468,-1.5090898023383672,0.03624874602984451,0.4193314457031938,0.061954982125458975,positive favours face-to-face CBT
Mohr 2012,0.5,-2.001543189648605,0.01842385012278746,-2.233008304535905,0.021562734839896035,0.2314651148872997,0.039986584962683494,positive favours face-to-face CBT
Choi 2014,0.5,-1.5100665067112107,0.03821697191688392,-2.0491434255589738,0.049198323638980676,0.5390769188477631,0.0874152955558646,positive favours face-to-face CBT
Wagner 2014,0.5,-1.6956065972001617,0.07617315206982361,-1.4142247482741337,0.06666719397718394,-0.281381848926028,0.14284034604700757,positive favours face-to-face CBT
Sethi 2013,0.5,-1.0518229841297533,0.06752894760746998,-1.9267183161101444,0.13600579689605502,0.8748953319803912,0.203534744503525,positive favours face-to-face CBT
Sethi 2010,0.5,-0.06868394930146592,0.11137319360509146,-2.114455631990612,0.3235461309828409,2.045771682689146,0.43491932458793237,positive favours face-to-face CBT
Wright 2005,0.5,-2.3516914241291387,0.25101508514408455,-2.043489650119134,0.20586166500480074,-0.3082017740100045,0.4568767501488853,positive favours face-to-face CBT
Himelhoch 2013,0.5,-1.1497591921151966,0.10381081874541842,-1.5678245469505199,0.1238353836116834,0.41806535483532326,0.2276462023571018,positive favours face-to-face CBT
Poppelaars 2016,0.5,-0.3891924383507098,0.021092850530091873,-0.38095291169291734,0.021451251209273117,-0.008239526657792484,0.04254410173936499,positive favours face-to-face CBT
Glueckauf 2012,0.5,-0.7799117286890355,0.18630445032476567,-0.3286695575563186,0.1505731198617333,-0.45124217113271686,0.336877570186499,positive favours face-to-face CBT
Kalapatapu 2014,0.5,-1.9692043544723419,0.05877765789672833,-2.5934092853712674,0.08231860114575384,0.6242049308989255,0.14109625904248219,positive favours face-to-face CBT
Nelson 2003,0.5,-0.7308137945334303,0.09050317151001253,-0.2075538471107791,0.0729670928375173,-0.5232599474226513,0.16347026434752981,positive favours face-to-face CBT
Kay-Lambkin 2009,0.5,-1.1324184213711699,0.05128705439157457,-1.840589514585589,0.07696813944574878,0.7081710932144192,0.12825519383732334,positive favours face-to-face CBT
Andersson 2013,0.5,-2.0340557507904786,0.09299064844430026,-1.3697477324995984,0.05383623403733043,-0.6643080182908803,0.14682688248163067,positive favours face-to-face CBT
Luxton 2016,0.7,-1.0897583566351734,0.019254623192388663,-1.5090898023383672,0.029469085012895357,0.4193314457031938,0.048723708205284016,positive favours face-to-face CBT
Mohr 2012,0.7,-2.001543189648605,0.01596986239272611,-2.233008304535905,0.0190935990374269,0.2314651148872997,0.035063461430153015,positive favours face-to-face CBT
Choi 2014,0.7,-1.5100665067112107,0.03107411477402678,-2.0491434255589738,0.04284911728977433,0.5390769188477631,0.07392323206380111,positive favours face-to-face CBT
Wagner 2014,0.7,-1.6956065972001617,0.06367315206982362,-1.4142247482741337,0.053333860643850615,-0.281381848926028,0.11700701271367422,positive favours face-to-face CBT
Sethi 2013,0.7,-1.0518229841297533,0.0501376432596439,-1.9267183161101444,0.11695817784843596,0.8748953319803912,0.16709582110807986,positive favours face-to-face CBT
Sethi 2010,0.7,-0.06868394930146592,0.06692874916064703,-2.114455631990612,0.28354613098284087,2.045771682689146,0.35047488014348793,positive favours face-to-face CBT
Wright 2005,0.7,-2.3516914241291387,0.2243484184774179,-2.043489650119134,0.17919499833813407,-0.3082017740100045,0.40354341681555195,positive favours face-to-face CBT
Himelhoch 2013,0.7,-1.1497591921151966,0.07881081874541843,-1.5678245469505199,0.10161316138946119,0.41806535483532326,0.18042398013487962,positive favours face-to-face CBT
Poppelaars 2016,0.7,-0.3891924383507098,0.013249713275189914,-0.38095291169291734,0.013451251209273119,-0.008239526657792484,0.026700964484463033,positive favours face-to-face CBT
Glueckauf 2012,0.7,-0.7799117286890355,0.12916159318190856,-0.3286695575563186,0.09343026271887617,-0.45124217113271686,0.22259185590078473,positive favours face-to-face CBT
Kalapatapu 2014,0.7,-1.9692043544723419,0.05077765789672833,-2.5934092853712674,0.07477143133443309,0.6242049308989255,0.12554908923116143,positive favours face-to-face CBT
Nelson 2003,0.7,-0.7308137945334303,0.06193174293858397,-0.2075538471107791,0.04439566426608874,-0.5232599474226513,0.10632740720467271,positive favours face-to-face CBT
Kay-Lambkin 2009,0.7,-1.1324184213711699,0.03878705439157457,-1.840589514585589,0.06553956801717735,0.7081710932144192,0.10432662240875193,positive favours face-to-face CBT
Andersson 2013,0.7,-2.0340557507904786,0.08086943632308814,-1.3697477324995984,0.04272512292621933,-0.6643080182908803,0.12359455924930747,positive favours face-to-face CBT
Luxton 2016,0.9,-1.0897583566351734,0.012803010289162853,-1.5090898023383672,0.0226894239959462,0.4193314457031938,0.03549243428510905,positive favours face-to-face CBT
Mohr 2012,0.9,-2.001543189648605,0.01351587466266476,-2.233008304535905,0.016624463234957764,0.2314651148872997,0.030140337897622525,positive favours face-to-face CBT
Choi 2014,0.9,-1.5100665067112107,0.02393125763116963,-2.0491434255589738,0.03649991094056798,0.5390769188477631,0.06043116857173761,positive favours face-to-face CBT
Wagner 2014,0.9,-1.6956065972001617,0.05117315206982361,-1.4142247482741337,0.04000052731051728,-0.281381848926028,0.09117367938034089,positive favours face-to-face CBT
Sethi 2013,0.9,-1.0518229841297533,0.03274633891181781,-1.9267183161101444,0.09791055880081691,0.8748953319803912,0.13065689771263472,positive favours face-to-face CBT
Sethi 2010,0.9,-0.06868394930146592,0.02248430471620257,-2.114455631990612,0.24354613098284086,2.045771682689146,0.26603043569904344,positive favours face-to-face CBT
Wright 2005,0.9,-2.3516914241291387,0.19768175181075123,-2.043489650119134,0.1525283316714674,-0.3082017740100045,0.3502100834822186,positive favours face-to-face CBT
Himelhoch 2013,0.9,-1.1497591921151966,0.053810818745418425,-1.5678245469505199,0.07939093916723897,0.41806535483532326,0.1332017579126574,positive favours face-to-face CBT
Poppelaars 2016,0.9,-0.3891924383507098,0.005406576020287951,-0.38095291169291734,0.005451251209273116,-0.008239526657792484,0.010857827229561067,positive favours face-to-face CBT
Glueckauf 2012,0.9,-0.7799117286890355,0.0720187360390514,-0.3286695575563186,0.036287405576019005,-0.45124217113271686,0.1083061416150704,positive favours face-to-face CBT
Kalapatapu 2014,0.9,-1.9692043544723419,0.04277765789672832,-2.5934092853712674,0.06722426152311234,0.6242049308989255,0.11000191941984067,positive favours face-to-face CBT
Nelson 2003,0.9,-0.7308137945334303,0.033360314367155385,-0.2075538471107791,0.01582423569466016,-0.5232599474226513,0.049184550061815546,positive favours face-to-face CBT
Kay-Lambkin 2009,0.9,-1.1324184213711699,0.02628705439157457,-1.840589514585589,0.05411099658860592,0.7081710932144192,0.08039805098018049,positive favours face-to-face CBT
Andersson 2013,0.9,-2.0340557507904786,0.06874822420187601,-1.3697477324995984,0.03161401181510821,-0.6643080182908803,0.10036223601698421,positive favours face-to-face CBT
