factor,level,n_specs,median,q25,q75,min,max,share_ci_excludes_zero,share_favours_f2f,share_favours_ecbt
data_source,corrigendum,210,0.19923749236910882,0.13039273489180905,0.23050530082257709,0.011389571023630677,0.3343309387392217,0.014285714285714285,0.014285714285714285,0
data_source,kriston,258,0.19094301396314595,0.12982056672072487,0.220863233977588,0.00695071900452495,0.3360751999765419,0,0,0
data_source,reconciled,1920,0.16508221079952026,0.12506221362289513,0.20150532014285072,-0.03678282564426143,0.3617660410351976,0.0046875,0.0046875,0
es_metric,adjusted_hybrid,420,0.15713409013058482,0.12020621415803412,0.17770916665816297,-0.017654702004547673,0.21965222453096128,0,0,0
es_metric,chg_smd_r0.3,240,0.19903581962750277,0.16580331286811684,0.22356313457922528,0.05197133463048459,0.27712626018315134,0.020833333333333332,0.020833333333333332,0
es_metric,chg_smd_r0.6,240,0.2598940334498777,0.21993502054502562,0.28718719660139114,0.06463226862413479,0.3617660410351976,0.025,0.025,0
es_metric,post_smd,528,0.13635488597186374,0.10172169736882423,0.1590280197857057,-0.03678282564426143,0.20388172672138383,0,0,0
es_metric,smc_r0.3,240,0.18875172505052484,0.14539501956561304,0.2073787622723785,0.05461591145542733,0.2588612722385609,0.004166666666666667,0.004166666666666667,0
es_metric,smc_r0.5,240,0.19191231862364327,0.1492111185163721,0.20968391035446132,0.048010774996976265,0.25885335224502976,0,0,0
es_metric,smc_r0.7,240,0.19334983760602908,0.15438046114765838,0.21089130485904997,0.037921348877054284,0.25907451489822775,0,0,0
es_metric,smc_r0.9,240,0.18805729858556158,0.156022840918233,0.21015561903340668,0.02205453382466775,0.2595787861984828,0,0,0
instrument,all_instruments,192,0.1548868554012907,0.11949724071899787,0.17692967529100284,-0.026295642475391737,0.3220047610914117,0,0,0
instrument,clinician_preferred,576,0.1638154819547714,0.14004539748537653,0.19433513034868807,0.023265467991951227,0.3617660410351976,0.015625,0.015625,0
instrument,primary,1044,0.19009387802961536,0.12312811067986411,0.220002376975882,-0.006714995862089192,0.33942323623570697,0.0028735632183908046,0.0028735632183908046,0
instrument,self_preferred,576,0.1630397339093673,0.11583709951068136,0.1971255022428436,-0.03678282564426143,0.31059710557646014,0,0,0
inclusion,all_14,536,0.18918549165253185,0.15498070004869843,0.22578380934792255,0.09930443032128458,0.31136371957288395,0.007462686567164179,0.007462686567164179,0
inclusion,no_choi,536,0.17938299920534173,0.16155175749232029,0.20197569060761109,0.11785713129814658,0.2869527774526638,0,0,0
inclusion,no_kalapatapu,536,0.18460076996497574,0.15836129224705853,0.2066503700510091,0.10044410452747438,0.3315778484290515,0.005597014925373134,0.005597014925373134,0
inclusion,no_moodgym,536,0.052650809375421624,0.02496811941064759,0.08181221958566746,-0.03678282564426143,0.15241184549154285,0,0,0
inclusion,no_small_arms,244,0.23952862999046365,0.15683027285790602,0.25580097584048145,0.09511945182527254,0.3617660410351976,0.020491803278688523,0.020491803278688523,0
ma_method,dl,366,0.16002805944882492,0.12045452592207263,0.20133135019761922,-0.03456987082602924,0.3471531109244386,0.030054644808743168,0.030054644808743168,0
ma_method,dl_hksj,366,0.16002805944882492,0.12045452592207263,0.20133135019761922,-0.03456987082602924,0.3471531109244386,0,0,0
ma_method,pm,366,0.17844506568686755,0.13401552652214146,0.21055649518499714,-0.03678282564426143,0.3617660410351976,0,0,0
ma_method,pm_hksj,366,0.17844506568686755,0.13401552652214146,0.21055649518499714,-0.03678282564426143,0.3617660410351976,0,0,0
ma_method,reml,366,0.17063765229220612,0.12619784893953115,0.20599388224710632,-0.029424585145496632,0.35927797917390325,0.00273224043715847,0.00273224043715847,0
ma_method,reml_hksj,366,0.17063765229220612,0.12619784893953115,0.20599388224710632,-0.029424585145496632,0.35927797917390325,0,0,0
ma_method,rve,96,0.1548868554012907,0.11949724071899787,0.17692967529100284,-0.026295642475391737,0.3220047610914117,0,0,0
ma_method,three-level,96,0.1548868554012907,0.11949724071899787,0.17692967529100284,-0.026295642475391737,0.3220047610914117,0,0,0
wright_post,as_published,30,0.10967529676498487,0.09593761158373947,0.12140542639182021,0.011389571023630677,0.1405040351753203,0,0,0
wright_post,change_smd,344,0.13012385683569808,0.09180733621573389,0.14730761305348095,-0.03678282564426143,0.19362148881193914,0,0,0
wright_post,derived_borrowed_sd,344,0.16334346853381704,0.10989522728526652,0.18043646898222412,-0.006715357066847207,0.21965222453096128,0,0,0
wright_post,not_applicable,1248,0.1929588987144752,0.14540908461799307,0.21523521092592726,0.02205453382466775,0.3315778484290515,0.005608974358974359,0.005608974358974359,0
wright_post,not_in_set,422,0.1742926700940306,0.1468754029716657,0.242551632029892,-0.020442309331978648,0.3617660410351976,0.011848341232227487,0.011848341232227487,0
wright_timepoint,as_published,210,0.19923749236910882,0.13039273489180905,0.23050530082257709,0.011389571023630677,0.3343309387392217,0.014285714285714285,0.014285714285714285,0
wright_timepoint,endpoint_itt,992,0.17080581046227516,0.12286384908549985,0.20398286445751088,-0.030013311350470896,0.3315778484290515,0.004032258064516129,0.004032258064516129,0
wright_timepoint,not_in_set,386,0.1693364299674442,0.14485795111773597,0.2324274458986708,-0.020442309331978648,0.3617660410351976,0.0051813471502590676,0.0051813471502590676,0
wright_timepoint,week8_completer,800,0.16204658089531226,0.11833950623864972,0.1985668050723114,-0.03678282564426143,0.32511123349584087,0.00375,0.00375,0
