study,post_corr,post_ext,change_corr,change_ext,pub_orig,pub_corr
Andersson 2013,-0.39,-0.39,-0.41,-0.41,-1.7,-1.7
Choi 2014,-0.05,-0.05,0.6,0.6,17.39,2.97
Glueckauf 2012,-0.95,-0.96,-0.88,-0.67,-1.76,-1.76
Himelhoch 2013,0.05,0.05,0.37,0.37,1.02,1.02
Kalapatapu 2014,0.12,0.12,0.09,0.09,0.45,0.45
Kay-Lambkin 2009,0.04,0.35,0.7,1.08,2.59,2.59
Luxton 2016,0.15,0.17,0.46,0.4,2.26,2.26
Mohr 2012,0.13,0.13,0.17,0.17,1.42,1.46
Nelson 2003,-0.54,-0.54,-0.64,-0.63,-1.64,-1.64
Poppelaars 2016,-0.11,-0.11,-0.06,-0.37,-0.29,-0.29
Sethi 2010,2.22,2.22,1.79,1.79,3.91,3.91
Sethi 2013,1.38,1.38,1.66,1.67,6.37,6.37
Wagner 2014,0.01,0.01,0.06,0.07,0.24,0.24
Wright 2005,0.12,0.43,-0.78,-0.29,-1.29,-1.95
