study,source,instrument,timepoint,sample,n_e,n_c,n_e_post,n_c_post,pre_e_m,pre_e_sd,pre_e_se,pre_c_m,pre_c_sd,pre_c_se,post_e_m,post_e_sd,post_e_se,post_sd_imputed,post_c_m,post_c_sd,post_c_se,change_e_m,change_e_sd_used,change_c_m,change_c_sd_used,change_sd_source,fig3_sd_entered_e,se_change_r0_e,fig3_sd_entered_c,se_change_r0_c,smd_post_g,smd_post_se,smd_change_g,smd_change_se,smd_published,smd_published_luo_sign,note,sign_convention
Andersson 2013,original_2020,as published (one per study),post-treatment as pooled by the authors (not stated per study),not stated,33,36,,,,,,,,,,,,FALSE,,,,10,,7,,not available,1.9,,1.6,,,,,,-1.695290883710098,1.695290883710098,,positive favours face-to-face CBT
Andersson 2013,addendum_2020,as published (one per study),post-treatment as pooled by the authors (not stated per study),not stated,33,36,,,,,,,,,,,,FALSE,,,,10,,7,,not available,1.9,,1.6,,,,,,-1.695290883710098,1.695290883710098,,positive favours face-to-face CBT
Andersson 2013,corrigendum_2021,as published (one per study),post-treatment (not stated per study),not stated,33,36,,,23.6,4.8,0.8355727485873496,24.1,5,0.8333333333333334,13.6,9.8,1.7059610283658388,FALSE,17.1,8,1.3333333333333333,10,7.91403816013039,7,6.4031242374328485,"imputed, r = 0.6",1.9,1.899601234071206,1.6,1.5723301886761007,-0.38860972858943277,0.24325940463678977,-0.41401683324170385,0.24356294685832577,-1.695290883710098,1.695290883710098,,positive favours face-to-face CBT
Andersson 2013,extraction_2026,BDI,post (week 9),"observed cases (total n 69 pre, 65 post); per-arm post split not in screenshot",33,36,,,24,7,1.2185435916898848,25.3,6.6,1.0999999999999999,13.6,10.1,1.7581843251525482,FALSE,17.9,8.8,1.4666666666666668,10.4,8.134494452638098,7.400000000000002,7.162681062283871,"imputed, r = 0.6",,2.139172878955931,,1.8333333333333335,-0.4502323045556371,0.244028102492152,-0.3881404161424911,0.24325397501547996,,,reported,positive favours face-to-face CBT
Andersson 2013,extraction_2026,HRSD,post (week 9),observed cases; post n 29/30 given in table footnote,33,36,29,30,15.4,3.8,0.6614950926316517,16.4,5,0.8333333333333334,6.3,5,0.9284766908852594,FALSE,8.1,4.9,0.8946135105917714,9.100000000000001,4.079215610874228,8.299999999999999,4.428317965096906,"imputed, r = 0.6",,1.093229854674448,,1.166785708212476,-0.35887234548207253,0.2625024327720444,-0.18545792449520782,0.24151613738068695,,,reported,positive favours face-to-face CBT
Andersson 2013,extraction_2026,MADRS-S (primary),post (week 9),"observed cases (total n 69 pre, 65 post); per-arm post split not in screenshot",33,36,,,23.6,4.8,0.8355727485873496,24.1,5,0.8333333333333334,13.6,9.8,1.7059610283658388,FALSE,17.1,8,1.3333333333333333,10.000000000000002,7.91403816013039,7,6.4031242374328485,"imputed, r = 0.6",,1.899601234071206,,1.5723301886761007,-0.38860972858943277,0.24325940463678977,-0.41401683324170413,0.24356294685832577,,,reported,positive favours face-to-face CBT
Andersson 2013,rmd_2020,primary (as in 2020 Rmd),post-treatment as used in 2020 (Poppelaars: T12),not recorded,32,33,32,33,23.6,4.8,0.8485281374238569,24.1,5,0.8703882797784892,13.6,9.8,1.7324116139070413,FALSE,17.1,8,1.3926212476455828,10.000000000000002,7.91403816013039,7,6.4031242374328485,"imputed, r = 0.6",,1.9290541723860428,,1.6422453217986943,-0.38719913066622563,0.2504122309955606,-0.41246247378549883,0.2507223292758375,,,author's 2020 notes: n 32/33,positive favours face-to-face CBT
Choi 2014,original_2020,as published (one per study),post-treatment as pooled by the authors (not stated per study),not stated,56,63,,,,,,,,,,,,FALSE,,,,10.6,,14.1,,not available,0.2,,0.2,,,,,,17.387540097570845,-17.387540097570845,,positive favours face-to-face CBT
Choi 2014,addendum_2020,as published (one per study),post-treatment as pooled by the authors (not stated per study),not stated,56,63,,,,,,,,,,,,FALSE,,,,10.6,,14.1,,not available,0.2,,0.2,,,,,,17.387540097570845,-17.387540097570845,excluded from the addendum pool as the outlier,positive favours face-to-face CBT
Choi 2014,corrigendum_2021,as published (one per study),post-treatment (not stated per study),not stated,56,63,,,23.54,6.44,0.8605811989580066,27.75,6.59,0.8302619590436024,13.68,7.48,0.9995570447524673,FALSE,14.08,7.46,0.9398716562162783,9.86,6.294327605074271,13.67,6.331352146263861,"imputed, r = 0.6",1.3,1.3189822916606142,1.25,1.2540708316493334,-0.05320762606042587,0.1836901029027056,0.5995456394924595,0.18772446230118692,2.9719486281298257,-2.9719486281298257,,positive favours face-to-face CBT
Choi 2014,extraction_2026,HAMD (primary),12-week follow-up (first post-baseline assessment),"mixed-model predicted means, ITT",56,63,,,23.54,6.44,0.8605811989580066,27.75,6.59,0.8302619590436024,13.68,7.48,0.9995570447524673,FALSE,14.08,7.46,0.9398716562162783,9.86,6.294327605074271,13.67,6.331352146263861,"imputed, r = 0.6",,1.3189822916606142,,1.2540708316493334,-0.05320762606042587,0.1836901029027056,0.5995456394924595,0.18772446230118692,,,"model-based mean, SD = SE * sqrt(n)",positive favours face-to-face CBT
Choi 2014,rmd_2020,primary (as in 2020 Rmd),post-treatment as used in 2020 (Poppelaars: T12),not recorded,56,63,,,23.54,6.44,0.8605811989580066,27.75,6.59,0.8302619590436024,13.68,7.48,0.9995570447524673,FALSE,14.08,7.46,0.9398716562162783,9.86,6.294327605074271,13.67,6.331352146263861,"imputed, r = 0.6",,1.3189822916606142,,1.2540708316493334,-0.05320762606042587,0.1836901029027056,0.5995456394924595,0.18772446230118692,,,author's 2020 notes: matches Table 1,positive favours face-to-face CBT
Glueckauf 2012,original_2020,as published (one per study),post-treatment as pooled by the authors (not stated per study),not stated,7,7,,,,,,,,,,,,FALSE,,,,9.4,,2.8,,not available,3.5,,3.5,,,,,,-1.7649188660522097,1.7649188660522097,,positive favours face-to-face CBT
Glueckauf 2012,addendum_2020,as published (one per study),post-treatment as pooled by the authors (not stated per study),not stated,7,7,,,,,,,,,,,,FALSE,,,,9.4,,2.8,,not available,3.5,,3.5,,,,,,-1.7649188660522097,1.7649188660522097,,positive favours face-to-face CBT
Glueckauf 2012,corrigendum_2021,as published (one per study),post-treatment (not stated per study),not stated,7,7,,,12.67,8.91,3.3676634545122144,11.8,7.4,2.7969371002682815,4.67,2.07,0.7823864591291002,FALSE,9,5.7,2.1543974961525953,9.4,7.844779155591316,2.8,6.052602745926746,"imputed, r = 0.6",3.5,3.457352413955759,3.5,3.530479530359256,-0.9450961593125073,0.5635730004161982,-0.8816745522305955,0.5598899769486291,-1.7649188660522097,1.7649188660522097,,positive favours face-to-face CBT
Glueckauf 2012,extraction_2026,depression (instrument not visible) (primary),post-treatment,completers (pilot),6,5,6,5,12.67,8.91,3.6374922680330197,11.8,7.4,3.3093806066996887,4.67,2.07,0.8450739612601964,FALSE,9,5.7,2.54911749434976,8,7.844779155591316,2.8000000000000007,6.052602745926746,"imputed, r = 0.6",,3.7343674163102913,,4.177319714841085,-0.96483975824002155,0.6395162385367172,-0.668912374006299,0.6220972750143228,,,reported,positive favours face-to-face CBT
Glueckauf 2012,rmd_2020,primary (as in 2020 Rmd),post-treatment as used in 2020 (Poppelaars: T12),not recorded,6,5,6,5,12.67,8.91,3.6374922680330197,11.8,7.4,3.3093806066996887,4.67,2.07,0.8450739612601964,FALSE,9,5.7,2.54911749434976,8,7.844779155591316,2.8000000000000007,6.052602745926746,"imputed, r = 0.6",,3.7343674163102913,,4.177319714841085,-0.96483975824002155,0.6395162385367172,-0.668912374006299,0.6220972750143228,,,author's 2020 notes: n 6/5,positive favours face-to-face CBT
Himelhoch 2013,original_2020,as published (one per study),post-treatment as pooled by the authors (not stated per study),not stated,16,18,,,,,,,,,,,,FALSE,,,,6.3,,8.7,,not available,2.5,,2.1,,,,,,1.0204859672072317,-1.0204859672072317,,positive favours face-to-face CBT
Himelhoch 2013,addendum_2020,as published (one per study),post-treatment as pooled by the authors (not stated per study),not stated,16,18,,,,,,,,,,,,FALSE,,,,6.3,,8.7,,not available,2.5,,2.1,,,,,,1.0204859672072317,-1.0204859672072317,,positive favours face-to-face CBT
Himelhoch 2013,corrigendum_2021,as published (one per study),post-treatment (not stated per study),not stated,16,18,,,22.6,5.2,1.3,24.6,5.3,1.249221980096234,16.3,8.6,2.15,FALSE,15.9,7.2,1.6970562748477143,6.3,6.880116278087166,8.7,5.842773314103502,"imputed, r = 0.6",2.5,2.5124689052802225,2.1,2.1072625739464828,0.04951517786779898,0.3436445994692314,0.3690035116418151,0.34649381136527935,1.0204859672072317,-1.0204859672072317,,positive favours face-to-face CBT
Himelhoch 2013,extraction_2026,HAM-D (primary),post-treatment,n = 16/18 at every time point in the table,16,18,16,18,22.6,5.2,1.3,24.6,5.3,1.249221980096234,16.3,8.6,2.15,FALSE,15.9,7.2,1.6970562748477143,6.300000000000001,6.880116278087166,8.700000000000001,5.842773314103502,"imputed, r = 0.6",,2.5124689052802225,,2.1072625739464828,0.04951517786779898,0.3436445994692314,0.3690035116418153,0.34649381136527935,,,reported,positive favours face-to-face CBT
Himelhoch 2013,extraction_2026,QIDS-SR,post-treatment,n = 16/18 at every time point in the table,16,18,16,18,16.3,4.1,1.025,17,3.5,0.8249579113843055,10.8,5.5,1.375,FALSE,9.2,3.7,0.8720983634634087,5.5,4.4721359549995805,7.800000000000001,3.22490309931942,"imputed, r = 0.6",,1.7150072886142496,,1.200462873691274,0.33727575015399547,0.34601795068659197,0.5817532140988109,0.3507599853907997,,,reported,positive favours face-to-face CBT
Himelhoch 2013,rmd_2020,primary (as in 2020 Rmd),post-treatment as used in 2020 (Poppelaars: T12),not recorded,16,18,,,22.6,5.2,1.3,24.6,5.3,1.249221980096234,16.3,8.6,2.15,FALSE,15.9,7.2,1.6970562748477143,6.300000000000001,6.880116278087166,8.700000000000001,5.842773314103502,"imputed, r = 0.6",,2.5124689052802225,,2.1072625739464828,0.04951517786779898,0.3436445994692314,0.3690035116418153,0.34649381136527935,,,author's 2020 notes: matches Table 1,positive favours face-to-face CBT
Kalapatapu 2014,original_2020,as published (one per study),post-treatment as pooled by the authors (not stated per study),not stated,50,53,,,,,,,,,,,,FALSE,,,,9.4,,10,,not available,1.5,,1.1,,,,,,0.4548091609073764,-0.4548091609073764,,positive favours face-to-face CBT
Kalapatapu 2014,addendum_2020,as published (one per study),post-treatment as pooled by the authors (not stated per study),not stated,50,53,,,,,,,,,,,,FALSE,,,,9.4,,10,,not available,1.5,,1.1,,,,,,0.4548091609073764,-0.4548091609073764,,positive favours face-to-face CBT
Kalapatapu 2014,corrigendum_2021,as published (one per study),post-treatment (not stated per study),not stated,50,53,,,22.2,4.7,0.6646803743153546,21.8,3.8,0.5219701430050183,12.8,9.2,1.3010764773832473,FALSE,11.8,7.2,0.988996060430561,9.4,7.405538467930607,10,5.783424591018716,"imputed, r = 0.6",1.5,1.46102703602637,1.1,1.1182870998700867,0.1205840156719644,0.19732843054976104,0.08995652056428664,0.1972490986901802,0.4548091609073764,-0.4548091609073764,,positive favours face-to-face CBT
Kalapatapu 2014,extraction_2026,HAM-D (primary),end of treatment (week 18),footnotes on week-18 n not visible in screenshot,50,53,,,22.2,4.7,0.6646803743153546,21.8,3.8,0.5219701430050183,12.8,9.2,1.3010764773832473,FALSE,11.8,7.2,0.988996060430561,9.399999999999999,7.405538467930607,10,5.783424591018716,"imputed, r = 0.6",,1.46102703602637,,1.1182870998700867,0.1205840156719644,0.19732843054976104,0.08995652056428691,0.1972490986901802,,,reported,positive favours face-to-face CBT
Kalapatapu 2014,extraction_2026,PHQ-9,end of treatment (week 18),footnotes on week-18 n not visible in screenshot,50,53,,,16.8,5.1,0.7212489168102784,16,5.1,0.700538876138314,6.9,7.2,1.0182337649086284,FALSE,5.9,5.4,0.7417470453229208,9.9,5.81257258019201,10.1,4.703403023343843,"imputed, r = 0.6",,1.2477980605851253,,1.0202663359272495,0.1566172566027834,0.19745125265303404,0.03766269848109538,0.19716696058923125,,,reported,positive favours face-to-face CBT
Kalapatapu 2014,rmd_2020,primary (as in 2020 Rmd),post-treatment as used in 2020 (Poppelaars: T12),not recorded,50,53,,,22.2,4.7,0.6646803743153546,21.8,3.8,0.5219701430050183,12.8,9.2,1.3010764773832473,FALSE,11.8,7.2,0.988996060430561,9.399999999999999,7.405538467930607,10,5.783424591018716,"imputed, r = 0.6",,1.46102703602637,,1.1182870998700867,0.1205840156719644,0.19732843054976104,0.08995652056428691,0.1972490986901802,,,author's 2020 notes: matches Table 1,positive favours face-to-face CBT
Kay-Lambkin 2009,original_2020,as published (one per study),post-treatment as pooled by the authors (not stated per study),not stated,32,35,,,,,,,,,,,,FALSE,,,,11.5,,18.3,,not available,2.8,,2.4,,,,,,2.5866020102220135,-2.5866020102220135,,positive favours face-to-face CBT
Kay-Lambkin 2009,addendum_2020,as published (one per study),post-treatment as pooled by the authors (not stated per study),not stated,32,35,,,,,,,,,,,,FALSE,,,,11.5,,18.3,,not available,2.8,,2.4,,,,,,2.5866020102220135,-2.5866020102220135,,positive favours face-to-face CBT
Kay-Lambkin 2009,corrigendum_2021,as published (one per study),post-treatment (not stated per study),not stated,32,35,,,28.57,9.89,1.7483215164837387,34.91,9.7,1.639599254173322,17.09,12.14,2.1460690809011718,FALSE,16.65,10.63,1.7967979455528265,11.5,10.055554683855089,18.3,9.129824751877772,"imputed, r = 0.6",2.8,2.7680752563830344,2.4,2.4324408669952433,0.03823236593872764,0.2446064939518332,0.7014028530986718,0.2519778092413053,2.5866020102220135,-2.5866020102220135,,positive favours face-to-face CBT
Kay-Lambkin 2009,extraction_2026,BDI-II (primary),3 months (end of 10-session treatment),completers of all assessments (table n = 67 across three arms); per-arm n 32/35 taken from corrigendum and are not verifiable from the screenshot,32,35,,,28.57,9.89,1.7483215164837387,34.91,9.7,1.639599254173322,17.09,12.14,2.1460690809011718,FALSE,13.04,10.51,1.7765142434393417,11.48,10.055554683855089,21.869999999999997,9.067177068966945,"imputed, r = 0.6",,2.7680752563830344,,2.417496343622586,0.35372997156910413,0.2464856921365672,1.0751991709754998,0.2616270087077344,,,reported,positive favours face-to-face CBT
Kay-Lambkin 2009,rmd_2020,primary (as in 2020 Rmd),post-treatment as used in 2020 (Poppelaars: T12),not recorded,32,35,,,28.57,9.89,1.7483215164837387,34.91,9.7,1.639599254173322,17.09,12.14,2.1460690809011718,FALSE,13.04,10.51,1.7765142434393417,11.48,10.055554683855089,21.869999999999997,9.067177068966945,"imputed, r = 0.6",,2.7680752563830344,,2.417496343622586,0.35372997156910413,0.2464856921365672,1.0751991709754998,0.2616270087077344,,,author's 2020 notes: f2f post 13.04 (10.51),positive favours face-to-face CBT
Luxton 2016,original_2020,as published (one per study),post-treatment as pooled by the authors (not stated per study),not stated,62,59,,,,,,,,,,,,FALSE,,,,13,,18,,not available,2.2,,2.2,,,,,,2.258368159222174,-2.258368159222174,,positive favours face-to-face CBT
Luxton 2016,addendum_2020,as published (one per study),post-treatment as pooled by the authors (not stated per study),not stated,62,59,,,,,,,,,,,,FALSE,,,,13,,18,,not available,2.2,,2.2,,,,,,2.258368159222174,-2.258368159222174,,positive favours face-to-face CBT
Luxton 2016,corrigendum_2021,as published (one per study),post-treatment (not stated per study),not stated,62,59,,,26.65,11.8,1.498601498602248,29.69,11.74,1.5284178149148724,13.63,12.47,1.5836915836923755,FALSE,11.74,12.08,1.5726820446483525,13,10.870404776272132,18,10.65696767378038,"imputed, r = 0.6",2.2,2.1803406806898247,2.2,2.193032108863998,0.1529181775070991,0.1821395420318217,0.46145200249211127,0.1842772196643706,2.258368159222174,-2.258368159222174,,positive favours face-to-face CBT
Luxton 2016,extraction_2026,BDI-II (primary),post-treatment,"ITT frame, observed cases at each time point",62,59,45,42,27.6,10.45,1.3271513271519906,29.71,11.33,1.4750403614127345,13.82,12.02,1.7918358059698314,FALSE,11.74,12.08,1.8639844675420703,13.780000000000001,10.146531427044417,17.97,10.490739726063172,"imputed, r = 0.6",,2.0227851288308787,,2.156170884080372,0.17110030115120703,0.21494184087176682,0.40360952306816794,0.18371534495060246,,,reported,positive favours face-to-face CBT
Luxton 2016,rmd_2020,primary (as in 2020 Rmd),post-treatment as used in 2020 (Poppelaars: T12),not recorded,62,59,45,42,27.6,10.45,1.3271513271519906,29.71,11.3,1.4711346940833099,13.82,12.02,1.7918358059698314,FALSE,11.74,12.08,1.8639844675420703,13.780000000000001,10.146531427044417,17.97,10.479103015048569,"imputed, r = 0.6",,2.0227851288308787,,2.1535008942870015,0.17110030115120703,0.21494184087176682,0.4038352596889892,0.18371739479849244,,,author's 2020 notes (2020 Rmd values quoted),positive favours face-to-face CBT
Mohr 2012,original_2020,as published (one per study),post-treatment as pooled by the authors (not stated per study),not stated,163,162,,,,,,,,,,,,FALSE,,,,9.25,,10.32,,not available,0.7,,0.8,,,,,,1.4204904007058863,-1.4204904007058863,,positive favours face-to-face CBT
Mohr 2012,addendum_2020,as published (one per study),post-treatment as pooled by the authors (not stated per study),not stated,163,162,,,,,,,,,,,,FALSE,,,,9.25,,10.32,,not available,0.7,,0.8,,,,,,1.4204904007058863,-1.4204904007058863,,positive favours face-to-face CBT
Mohr 2012,corrigendum_2021,as published (one per study),post-treatment (not stated per study),not stated,163,162,,,22.83,4.6,0.36029980699446035,22.83,4.6,0.3614101326064576,13.58,7.55,0.5913616397409078,FALSE,12.51,8.41,0.6607520033087627,9.25,6.040405615519541,10.35,6.742766494548065,"imputed, r = 0.6",0.7,0.6924771042260536,0.8,0.7531337821576991,0.1336020257551756,0.11106425888887599,0.17147177781950962,0.1111442466136176,1.4603172343705364,-1.4603172343705364,,positive favours face-to-face CBT
Mohr 2012,extraction_2026,Ham-D (primary),end of treatment (week 18),"ITT, mixed-model means with multiple imputation",163,162,152,141,22.83,4.55,0.3563835047445206,22.83,4.55,0.35748176159986567,13.58,7.56,0.6131969718742825,FALSE,12.51,8.41,0.7082497656169425,9.249999999999998,6.048016203681997,10.319999999999999,6.746258222155449,"imputed, r = 0.6",,0.6911185030630229,,0.7512565605391319,0.13373520405098546,0.1170541182814214,0.16665371090842063,0.11113297094175473,,,"model-based mean, SD derived from 95% CI",positive favours face-to-face CBT
Mohr 2012,extraction_2026,PHQ-9,end of treatment (week 18),"ITT, mixed-model means with multiple imputation",163,162,150,136,16.76,4.83,0.37831479734418344,16.76,4.83,0.3794806392367805,6.65,6.06,0.49479692804220193,FALSE,6.74,6.46,0.5539404300103035,10.110000000000001,4.992868914762333,10.020000000000001,5.255315404426265,"imputed, r = 0.6",,0.6069763137048867,,0.6337255121039062,-0.014354279760135692,0.11840594605963048,-0.017518911420517938,0.110942692431858,,,"model-based mean, SD derived from 95% CI",positive favours face-to-face CBT
Mohr 2012,rmd_2020,primary (as in 2020 Rmd),post-treatment as used in 2020 (Poppelaars: T12),not recorded,163,162,152,141,22.83,4.6,0.36029980699446035,22.83,4.6,0.3614101326064576,13.58,7.3,0.5921081871272833,FALSE,12.51,7.85,0.6610892580372174,9.249999999999998,5.844142366506825,10.319999999999999,6.280963301914763,"imputed, r = 0.6",,0.6758316848577526,,0.7148447988338119,0.14099031095916612,0.11706864613831375,0.1759885707421109,0.11115510796522052,,,author's 2020 notes: SDs from JAMA 95% CIs with completer n 141/152 (post SDs recomputed here; pre SD as Table 1),positive favours face-to-face CBT
Nelson 2003,original_2020,as published (one per study),post-treatment as pooled by the authors (not stated per study),not stated,14,14,,,,,,,,,,,,FALSE,,,,7.7,,1.9,,not available,2.9,,3.9,,,,,,-1.6384929844260965,1.6384929844260965,,positive favours face-to-face CBT
Nelson 2003,addendum_2020,as published (one per study),post-treatment as pooled by the authors (not stated per study),not stated,14,14,,,,,,,,,,,,FALSE,,,,7.7,,1.9,,not available,2.9,,3.9,,,,,,-1.6384929844260965,1.6384929844260965,,positive favours face-to-face CBT
Nelson 2003,corrigendum_2021,as published (one per study),post-treatment (not stated per study),not stated,14,14,,,14.36,9.85,2.63252323283738,13.57,8.75,2.3385358667337135,6.71,4.78,1.2775087363413886,FALSE,11.64,11.63,3.108248243441496,7.7,7.9606092731649625,1.9,9.471240679024055,"imputed, r = 0.6",2.9,2.9261249363034967,3.9,3.8897245587389793,-0.5383072689154995,0.3847488679034506,-0.6436227784067554,0.38762671386464137,-1.6384929844260965,1.6384929844260965,,positive favours face-to-face CBT
Nelson 2003,extraction_2026,depression (instrument not visible) (primary),post-test,"completers (Wilks lambda df 1,26 implies N = 28)",14,14,14,14,14.36,9.85,2.63252323283738,13.57,8.75,2.3385358667337135,6.71,4.78,1.2775087363413886,FALSE,11.64,11.63,3.108248243441496,7.6499999999999995,7.9606092731649625,1.9299999999999997,9.471240679024055,"imputed, r = 0.6",,2.9261249363034967,,3.8897245587389793,-0.5383072689154995,0.3847488679034506,-0.6347452228425242,0.38736521844750366,,,reported (calculated means from ANOVA),positive favours face-to-face CBT
Nelson 2003,rmd_2020,primary (as in 2020 Rmd),post-treatment as used in 2020 (Poppelaars: T12),not recorded,14,14,,,14.36,9.85,2.63252323283738,13.57,8.75,2.3385358667337135,6.71,4.78,1.2775087363413886,FALSE,11.64,11.63,3.108248243441496,7.6499999999999995,7.9606092731649625,1.9299999999999997,9.471240679024055,"imputed, r = 0.6",,2.9261249363034967,,3.8897245587389793,-0.5383072689154995,0.3847488679034506,-0.6347452228425242,0.38736521844750366,,,author's 2020 notes: matches Table 1,positive favours face-to-face CBT
Poppelaars 2016,original_2020,as published (one per study),post-treatment as pooled by the authors (not stated per study),not stated,51,50,,,,,,,,,,,,FALSE,,,,4.7,,4,,not available,2.4,,2.4,,,,,,-0.28945053990837205,0.28945053990837205,,positive favours face-to-face CBT
Poppelaars 2016,addendum_2020,as published (one per study),post-treatment as pooled by the authors (not stated per study),not stated,51,50,,,,,,,,,,,,FALSE,,,,4.7,,4,,not available,2.4,,2.4,,,,,,-0.28945053990837205,0.28945053990837205,,positive favours face-to-face CBT
Poppelaars 2016,corrigendum_2021,as published (one per study),post-treatment (not stated per study),not stated,51,50,,,62.61,11.97,1.6761352605815276,63.35,10.39,1.4693678913056458,57.88,12.57,1.7601520656232084,FALSE,59.33,13.27,1.876661397269097,4.7,10.987734980422488,4,10.890116620128548,"imputed, r = 0.6",2.4,2.430548231548256,2.4,2.383463865889307,-0.11136597944603314,0.1991713861599317,-0.06350194587339081,0.19906734035077844,-0.28945053990837205,0.28945053990837205,,positive favours face-to-face CBT
Poppelaars 2016,extraction_2026,RADS-2 (primary),"T9, immediately after the 8-week intervention",descriptives; observed vs imputed not stated in screenshot,51,50,,,69.33,8.37,1.172034430331444,66.94,7.09,1.0026774157225242,57.88,12.57,1.7601520656232084,FALSE,59.33,13.27,1.876661397269097,11.449999999999996,10.090030723441828,7.609999999999999,10.651752907385713,"imputed, r = 0.6",,2.1146630937338458,,2.127726486181906,-0.11136597944603314,0.1991713861599317,-0.36741952608795464,0.20068917672074998,,,reported,positive favours face-to-face CBT
Poppelaars 2016,rmd_2020,primary (as in 2020 Rmd),post-treatment as used in 2020 (Poppelaars: T12),not recorded,51,50,,,69.33,8.37,1.172034430331444,66.94,7.09,1.0026774157225242,57.08,14.21,1.989797999403802,FALSE,62.44,7.09,1.0026774157225242,12.25,11.369070322590145,4.5,6.341488784189404,"imputed, r = 0.6",,2.309320416121099,,1.418,-0.47226581582222393,0.20177209124294937,-0.8333129949580411,0.2074741408351993,,,"author's 2020 notes (2020 Rmd quoted; post = T12; f2f post SD 7.09 as quoted, likely a typo for 12.77)",positive favours face-to-face CBT
Sethi 2010,original_2020,as published (one per study),post-treatment as pooled by the authors (not stated per study),not stated,9,10,,,,,,,,,,,,FALSE,,,,0.7,,11.8,,not available,3.4,,1.9,,,,,,3.9101969383175086,-3.9101969383175086,,positive favours face-to-face CBT
Sethi 2010,addendum_2020,as published (one per study),post-treatment as pooled by the authors (not stated per study),not stated,9,10,,,,,,,,,,,,FALSE,,,,0.7,,11.8,,not available,3.4,,1.9,,,,,,3.9101969383175086,-3.9101969383175086,,positive favours face-to-face CBT
Sethi 2010,corrigendum_2021,as published (one per study),post-treatment (not stated per study),not stated,9,10,,,16.4,9.2,3.0666666666666664,19,5.1,1.6127616066858732,15.7,4.2,1.4000000000000001,FALSE,7.2,3.1,0.9803060746521975,0.7,7.477432714508368,11.8,4.080196073719987,"imputed, r = 0.6",3.4,3.3711191679388084,1.9,1.8873261509341728,2.2187164011932876,0.5836573591799413,1.7888247624754208,0.5434324693694087,3.9101969383175086,-3.9101969383175086,,positive favours face-to-face CBT
Sethi 2010,extraction_2026,depression subscale (name not visible) (primary),post-treatment,not stated in screenshot,9,10,,,16.4,9.2,3.0666666666666664,19,5.1,1.6127616066858732,15.7,4.2,1.4000000000000001,FALSE,7.2,3.1,0.9803060746521975,0.6999999999999993,7.477432714508368,11.8,4.080196073719987,"imputed, r = 0.6",,3.3711191679388084,,1.8873261509341728,2.2187164011932876,0.5836573591799413,1.7888247624754208,0.5434324693694087,,,reported,positive favours face-to-face CBT
Sethi 2010,rmd_2020,primary (as in 2020 Rmd),post-treatment as used in 2020 (Poppelaars: T12),not recorded,9,10,,,16.4,9.2,3.0666666666666664,19,5.1,1.6127616066858732,15.7,4.2,1.4000000000000001,FALSE,7.2,3.1,0.9803060746521975,0.6999999999999993,7.477432714508368,11.8,4.080196073719987,"imputed, r = 0.6",,3.3711191679388084,,1.8873261509341728,2.2187164011932876,0.5836573591799413,1.7888247624754208,0.5434324693694087,,,author's 2020 notes: matches Table 1,positive favours face-to-face CBT
Sethi 2013,original_2020,as published (one per study),post-treatment as pooled by the authors (not stated per study),not stated,23,21,,,,,,,,,,,,FALSE,,,,5.5,,13.6,,not available,1.2,,1.3,,,,,,6.370517853289373,-6.370517853289373,,positive favours face-to-face CBT
Sethi 2013,addendum_2020,as published (one per study),post-treatment as pooled by the authors (not stated per study),not stated,23,21,,,,,,,,,,,,FALSE,,,,5.5,,13.6,,not available,1.2,,1.3,,,,,,6.370517853289373,-6.370517853289373,,positive favours face-to-face CBT
Sethi 2013,corrigendum_2021,as published (one per study),post-treatment (not stated per study),not stated,23,21,,,17.65,5.03,1.0488275027070861,21.42,6.8,1.483881653604748,12.17,3.12,0.6505649718580734,FALSE,7.8,3.09,0.6742932808292165,5.5,4.025292535953133,13.6,5.529348967102727,"imputed, r = 0.6",1.2,1.2342098334738216,1.3,1.6299006688986266,1.3817653308305167,0.3358476145327043,1.6569330189204874,0.3497075105158805,6.370517853289373,-6.370517853289373,,positive favours face-to-face CBT
Sethi 2013,extraction_2026,depression subscale (name not visible) (primary),post-treatment,not stated in screenshot,23,21,,,17.65,5.03,1.0488275027070861,21.42,6.8,1.483881653604748,12.17,3.12,0.6505649718580734,FALSE,7.8,3.09,0.6742932808292165,5.479999999999999,4.025292535953133,13.620000000000001,5.529348967102727,"imputed, r = 0.6",,1.2342098334738216,,1.6299006688986266,1.3817653308305167,0.3358476145327043,1.6651154041991076,0.3501488718501663,,,reported,positive favours face-to-face CBT
Sethi 2013,rmd_2020,primary (as in 2020 Rmd),post-treatment as used in 2020 (Poppelaars: T12),not recorded,23,21,,,17.65,5.03,1.0488275027070861,21.42,6.8,1.483881653604748,12.17,3.12,0.6505649718580734,FALSE,7.8,3.09,0.6742932808292165,5.479999999999999,4.025292535953133,13.620000000000001,5.529348967102727,"imputed, r = 0.6",,1.2342098334738216,,1.6299006688986266,1.3817653308305167,0.3358476145327043,1.6651154041991076,0.3501488718501663,,,author's 2020 notes: matches Table 1,positive favours face-to-face CBT
Wagner 2014,original_2020,as published (one per study),post-treatment as pooled by the authors (not stated per study),not stated,32,30,,,,,,,,,,,,FALSE,,,,10.6,,11.1,,not available,2.1,,2.1,,,,,,0.23510450306861025,-0.23510450306861025,,positive favours face-to-face CBT
Wagner 2014,addendum_2020,as published (one per study),post-treatment as pooled by the authors (not stated per study),not stated,32,30,,,,,,,,,,,,FALSE,,,,10.6,,11.1,,not available,2.1,,2.1,,,,,,0.23510450306861025,-0.23510450306861025,,positive favours face-to-face CBT
Wagner 2014,corrigendum_2021,as published (one per study),post-treatment (not stated per study),not stated,32,30,,,22.96,6.07,1.0730345404505859,23.41,7.63,1.3930410379214724,12.41,10.03,1.7730702538252676,FALSE,12.33,8.77,1.6011756097734355,10.6,8.024168492747394,11.1,7.404841659346944,"imputed, r = 0.6",2.1,2.0724819058317494,2.1,2.1223399036597947,0.008366338082003212,0.25413362196703243,0.06386209947969843,0.2541972135878617,0.23510450306861025,-0.23510450306861025,,positive favours face-to-face CBT
Wagner 2014,extraction_2026,BDI (primary),post-treatment,not stated in screenshot,32,30,,,22.96,6.07,1.0730345404505859,23.41,7.63,1.3930410379214724,12.41,10.03,1.7730702538252676,FALSE,12.33,8.77,1.6011756097734355,10.55,8.024168492747394,11.08,7.404841659346944,"imputed, r = 0.6",,2.0724819058317494,,2.1223399036597947,0.008366338082003212,0.25413362196703243,0.06769382544848025,0.25420520963890164,,,reported,positive favours face-to-face CBT
Wagner 2014,rmd_2020,primary (as in 2020 Rmd),post-treatment as used in 2020 (Poppelaars: T12),not recorded,32,30,,,22.96,6.07,1.0730345404505859,23.41,7.63,1.3930410379214724,12.41,10.03,1.7730702538252676,FALSE,12.33,8.77,1.6011756097734355,10.55,8.024168492747394,11.08,7.404841659346944,"imputed, r = 0.6",,2.0724819058317494,,2.1223399036597947,0.008366338082003212,0.25413362196703243,0.06769382544848025,0.25420520963890164,,,author's 2020 notes: matches Table 1,positive favours face-to-face CBT
Wright 2005,original_2020,as published (one per study),post-treatment as pooled by the authors (not stated per study),not stated,15,15,,,,,,,,,,,,FALSE,,,,17.5,,14.7,,not available,2.3,,1.9,,,,,,-1.2913993542393978,1.2913993542393978,,positive favours face-to-face CBT
Wright 2005,addendum_2020,as published (one per study),post-treatment as pooled by the authors (not stated per study),not stated,15,15,,,,,,,,,,,,FALSE,,,,17.5,,14.7,,not available,2.3,,1.9,,,,,,-1.2913993542393978,1.2913993542393978,,positive favours face-to-face CBT
Wright 2005,corrigendum_2021,as published (one per study),post-treatment (not stated per study),not stated,15,15,,,31.1,8.2,2.117230895926721,24.4,6.8,1.7557524502806956,10.7,8.1,2.091411006952005,FALSE,9.7,8.5,2.1946905628508695,20.4,7.290130314335952,14.7,7.009279563550023,"imputed, r = 0.6",2.9,2.9760152329359246,2.8,2.810575267331109,0.1171867202884986,0.3654616424791156,-0.7755066483070445,0.3786249367022821,-1.9455648433528518,1.9455648433528518,,positive favours face-to-face CBT
Wright 2005,extraction_2026,BDI (primary),endpoint (ITT),ITT,15,15,,,31.4,8.2,2.117230895926721,24.4,6.8,1.7557524502806956,13.9,10.8,2.7885480092693404,TRUE,9.7,8,2.065591117977289,17.5,10.8,14.7,8,reported,,3.5012378763326932,,2.710965387704781,0.42997169305748906,0.36934346383889355,-0.2866477953716594,0.3670187769626924,,,"reported change scores; post mean derived as pre - change, post SD borrowed from change SD (imputed)",positive favours face-to-face CBT
Wright 2005,extraction_2026,HAM-D,endpoint (ITT),"ITT (df 2,41: one participant missing, arm unknown)",15,15,,,16.6,3.2,0.8262364471909156,17.1,5.4,1.3942740046346702,9.1,6.3,1.6266530054071149,TRUE,8.8,6.6,1.7041126723312632,7.5,6.3,8.3,6.6,reported,,1.824463391429564,,2.2018174311236614,0.045240424413317756,0.36519507791501193,0.12064113176884789,0.36548037527511806,,,"reported change scores; post mean derived as pre - change, post SD borrowed from change SD (imputed)",positive favours face-to-face CBT
Wright 2005,rmd_2020,primary (as in 2020 Rmd),post-treatment as used in 2020 (Poppelaars: T12),not recorded,15,15,,,31.4,8.2,2.117230895926721,24.4,6.8,1.7557524502806956,13.9,,,FALSE,9.7,,,17.5,,14.7,,not available,,,,,,,,,,,author's 2020 notes: post = pre - reported change; post SD used in the Rmd unknown,positive favours face-to-face CBT
