study,n_e,n_c,pre_e_m,pre_e_sd,post_e_m,post_e_sd,change_e,sem_change_e,entered_sd_e,sd_change_e,pre_c_m,pre_c_sd,post_c_m,post_c_sd,change_c,sem_change_c,entered_sd_c,sd_change_c,published_smd_sign_reversed,published_se,smd_change_r0.6,smd_change_se,smd_post,smd_post_se,sign_convention
Andersson 2013,33,36,23.6,4.8,13.6,9.8,10.000000000000002,1.899601234071206,1.9,7.91403816013039,24.1,5,17.1,8,7,1.5723301886761007,1.6,6.4031242374328485,-1.695290883710098,0.2831398912755852,-0.4140168332417042,0.24356294685832577,-0.3886097285894328,0.24325940463678977,positive favours face-to-face CBT; published values sign-reversed from the printed figure
Choi 2014,56,63,23.54,6.44,13.68,7.48,9.86,1.3189822916606142,1.3,6.294327605074271,27.75,6.59,14.08,7.46,13.67,1.2540708316493334,1.25,6.331352146263861,2.9719486281298257,0.2685371750598625,0.5995456394924595,0.18772446230118692,-0.05320762606042587,0.1836901029027056,positive favours face-to-face CBT; published values sign-reversed from the printed figure
Glueckauf 2012,7,7,12.67,8.91,4.67,2.07,8,3.457352413955759,3.5,7.844779155591316,11.8,7.4,9,5.7,2.8000000000000007,3.530479530359256,3.5,6.052602745926746,-1.7649188660522095,0.6637260788678613,-0.6946526775150145,0.5504070682678794,-0.9450961593125072,0.5635730004161982,positive favours face-to-face CBT; published values sign-reversed from the printed figure
Himelhoch 2013,16,18,22.6,5.2,16.3,8.6,6.300000000000001,2.5124689052802225,2.5,6.880116278087166,24.6,5.3,15.9,7.2,8.700000000000001,2.1072625739464828,2.1,5.842773314103502,1.0204859672072315,0.3679367318039342,0.3690035116418153,0.3464938113652793,0.04951517786779898,0.3436445994692314,positive favours face-to-face CBT; published values sign-reversed from the printed figure
Kalapatapu 2014,50,53,22.2,4.7,12.8,9.2,9.399999999999999,1.46102703602637,1.5,7.405538467930607,21.8,3.8,11.8,7.2,10,1.1182870998700867,1.1,5.783424591018716,0.4548091609073764,0.1997798680077081,0.08995652056428691,0.1972490986901802,0.1205840156719644,0.19732843054976104,positive favours face-to-face CBT; published values sign-reversed from the printed figure
Kay-Lambkin 2009,32,35,28.57,9.89,17.09,12.14,11.48,2.7680752563830344,2.8,10.055554683855089,34.91,9.7,16.65,10.63,18.259999999999998,2.4324408669952433,2.4,9.129824751877772,2.5866020102220135,0.3359615920479243,0.6993399035307342,0.25193501485652947,0.03823236593872764,0.2446064939518332,positive favours face-to-face CBT; published values sign-reversed from the printed figure
Luxton 2016,62,59,26.65,11.8,13.63,12.47,13.019999999999998,2.1803406806898247,2.2,10.870404776272132,29.69,11.74,11.74,12.08,17.950000000000003,2.193032108863998,2.2,10.65696767378038,2.258368159222174,0.2342282091369923,0.45499167445722216,0.18421082677340736,0.1529181775070991,0.1821395420318217,positive favours face-to-face CBT; published values sign-reversed from the printed figure
Mohr 2012,163,162,22.83,4.6,13.58,7.55,9.249999999999998,0.6924771042260536,0.7,6.040405615519541,22.83,4.6,12.51,8.41,10.319999999999999,0.7531337821576991,0.8,6.742766494548065,1.4603172343705364,0.12501552032079177,0.16679527478806855,0.11113329767621516,0.1336020257551756,0.111064258888876,positive favours face-to-face CBT; published values sign-reversed from the printed figure
Nelson 2003,14,14,14.36,9.85,6.71,4.78,7.6499999999999995,2.9261249363034967,2.9,7.9606092731649625,13.57,8.75,11.64,11.63,1.9299999999999997,3.8897245587389793,3.9,9.471240679024055,-1.6384929844260965,0.445699525238219,-0.6347452228425242,0.38736521844750366,-0.5383072689154995,0.3847488679034506,positive favours face-to-face CBT; published values sign-reversed from the printed figure
Poppelaars 2016,51,50,62.61,11.97,57.88,12.57,4.729999999999997,2.430548231548256,2.4,10.987734980422488,63.35,10.39,59.33,13.27,4.020000000000003,2.383463865889307,2.4,10.890116620128548,-0.28945053990837205,0.200098576119724,-0.06440911652872439,0.1990687831773988,-0.11136597944603314,0.1991713861599317,positive favours face-to-face CBT; published values sign-reversed from the printed figure
Sethi 2010,9,10,16.4,9.2,15.7,4.2,0.6999999999999993,3.3711191679388084,3.4,7.477432714508368,19,5.1,7.2,3.1,11.8,1.8873261509341728,1.9,4.080196073719987,3.9101969383175086,0.8477825689994334,1.7888247624754208,0.5434324693694087,2.2187164011932876,0.5836573591799413,positive favours face-to-face CBT; published values sign-reversed from the printed figure
Sethi 2013,23,21,17.65,5.03,12.17,3.12,5.479999999999999,1.2342098334738216,1.2,4.025292535953133,21.42,6.8,7.8,3.09,13.620000000000001,1.6299006688986266,1.3,5.529348967102727,6.370517853289373,0.7730661220724813,1.6651154041991076,0.3501488718501663,1.381765330830517,0.3358476145327043,positive favours face-to-face CBT; published values sign-reversed from the printed figure
Wagner 2014,32,30,22.96,6.07,12.41,10.03,10.55,2.0724819058317494,2.1,8.024168492747394,23.41,7.63,12.33,8.77,11.08,2.1223399036597947,2.1,7.404841659346944,0.23510450306861025,0.2550673283831624,0.06769382544848025,0.25420520963890164,0.00836633808200321,0.25413362196703243,positive favours face-to-face CBT; published values sign-reversed from the printed figure
Wright 2005,15,15,31.1,8.2,10.7,8.1,20.400000000000002,2.9760152329359246,2.9,7.290130314335952,24.4,6.8,9.7,8.5,14.7,2.810575267331109,2.8,7.009279563550023,-1.945564843352852,0.4538264848786175,-0.7755066483070451,0.3786249367022821,0.1171867202884986,0.3654616424791156,positive favours face-to-face CBT; published values sign-reversed from the printed figure
