study,py_g,py_v,r_g,r_v,d_g,d_v,ok
Luxton 2016,0.15291851921602478,0.03317481320340939,0.1529181775070991,0.03317481277156174,-3.4170892568297084e-7,-4.31847647919259e-10,TRUE
Mohr 2012,0.13360206595928192,0.012335269619062504,0.1336020257551756,0.01233526960253527,-4.020410632188387e-8,-1.6527234442120786e-11,TRUE
Choi 2014,-0.053207749083257816,0.03374205395941296,-0.05320762606042587,0.03374205390440657,1.230228319493154e-7,-5.5006388333112e-11,TRUE
Wagner 2014,0.008366412522503534,0.06458389782412767,0.00836633808200321,0.06458389781408254,-7.444050032293092e-8,-1.0045131393354723e-11,TRUE
Sethi 2013,1.3817906837576057,0.11279441637178683,1.381765330830517,0.11279362018730792,-2.5352927088828636e-5,-7.96184478915607e-7,TRUE
Sethi 2010,2.2189774473826227,0.34068639826881375,2.2187164011932876,0.34065591292490305,-2.6104618933509016e-4,-3.0485343910702234e-5,TRUE
Wright 2005,0.11719164150058407,0.13356223134729336,0.1171867202884986,0.13356221212353292,-4.921212085479132e-6,-1.922376044460883e-8,TRUE
Himelhoch 2013,0.049516759781246145,0.11809161304819134,0.04951517786779898,0.1180916107443685,-1.5819134471656282e-6,-2.3038228408323036e-9,TRUE
Poppelaars 2016,-0.1113663399121148,0.03966924146233124,-0.11136597944603314,0.03966924106486864,3.6046608165030136e-7,-3.974625975566859e-10,TRUE
Glueckauf 2012,-0.9453267830262257,0.31763009738238257,-0.9450961593125072,0.31761452679811614,2.306237137185141e-4,-1.5570584266433318e-5,TRUE
Kalapatapu 2014,0.12058439055935502,0.03893850994212019,0.1205840156719644,0.03893850950323187,-3.748873906167516e-7,-4.3888832151894874e-10,TRUE
Nelson 2003,-0.5383335888890667,0.1480321973736818,-0.5383072689154995,0.14803169135298683,2.6319973567168198e-5,-5.060206949847323e-7,TRUE
Kay-Lambkin 2009,0.03823265524982573,0.059832337048499114,0.03823236593872764,0.05983233688340821,-2.8931109808533195e-7,-1.650909062234085e-10,TRUE
Andersson 2013,-0.38861249446162194,0.059175153521762315,-0.3886097285894328,0.05917513794424542,2.7658721891143934e-6,-1.557751689446052e-8,TRUE
