key,py_est,py_lo,py_hi,py_tau2,py_i2,r_est,r_lo,r_hi,r_tau2,r_i2_q,d_est,d_lo,d_hi,d_tau2,d_i2,same_at_2dp,ok_tight
fig3_DL,-0.932953077382143,-1.771571708179458,-0.09433444658482781,2.3929378232164145,97.01243817756799,-0.9329554454400062,-1.7715446830043813,-0.0943662078756311,2.392862666407265,97.012368207297,-2.368057863244566e-6,2.7025175076689223e-5,-3.176129080328938e-5,-7.51568091494903e-5,-6.997027098520903e-5,TRUE,TRUE
fig3_REML,-0.9645887560448407,-2.214054723392695,0.2848772113030138,5.5126849953290655,97.01243817756799,-0.9645869697181394,-2.213972143119574,0.2847982036832951,5.5121701932246525,97.01236820729699,1.7863267013362716e-6,8.258027312102456e-5,-7.900761971868508e-5,-5.148021044130147e-4,-6.997027099941988e-5,TRUE,TRUE
post_DL,0.09930493517745673,-0.1297104727588943,0.32832034311380776,0.112797787799282,67.55506165793575,0.09930443032128446,-0.1296947811729554,0.3283036418155243,0.11278025745588056,67.5517065167553,-5.048561722703626e-7,1.569158593889286e-5,-1.670129828346134e-5,-1.7530343401434e-5,-0.00335514118044955,TRUE,TRUE
post_REML,0.10967656891085867,-0.16532416429411026,0.3846773021158276,0.1910809378430622,67.55506165793575,0.10967362813378805,-0.16529551170065032,0.3846427679682264,0.19103172561453952,67.5517065167553,-2.940777070623013e-6,2.865259345993798e-5,-3.453414760123952e-5,-4.921222852269369e-5,-0.00335514118044955,TRUE,TRUE
post_REML_HKSJ,0.10967656891085867,-0.25215413797903663,0.471507275800754,0.1910809378430622,67.55506165793575,0.10967362813378805,-0.2521174834179556,0.4714647396855317,0.19103172561453952,67.5517065167553,-2.940777070623013e-6,3.6654561081039816e-5,-4.25361152223136e-5,-4.921222852269369e-5,-0.00335514118044955,TRUE,TRUE
post_REML_noSethi,0.011374748656154907,-0.10865948547475716,0.13140898278706697,6.34421476131279e-6,0,0.01138957102363167,-0.10863189782134204,0.1314110398686054,1.9505912476752815e-6,0,1.4822367476763701e-5,2.7587653415123148e-5,2.0570815384146623e-6,-4.393623513637508e-6,0,TRUE,TRUE
smcr_r0.3_DL,0.23426417285201426,-0.042319622434377674,0.5108479681384062,0.11236313245057607,44.7457515704075,0.2342640626225743,-0.04226822022034235,0.5107963454654909,0.11229174025805182,44.73099882763588,-1.1022943996463752e-7,5.140221403532319e-5,-5.1622672915252465e-5,-7.139219252425e-5,-0.014752742771619864,TRUE,TRUE
smcr_r0.3_REML,0.23331840220404426,-0.02582298269481348,0.492459787102902,0.08368475564512969,44.7457515704075,0.2333187722716479,-0.02577405872311503,0.49241160326641087,0.08362379910605176,44.73099882763588,3.700676036444417e-7,4.89239716984502e-5,-4.818383649113356e-5,-6.095653907792209e-5,-0.014752742771619864,TRUE,TRUE
smcr_r0.5_DL,0.22967987610849533,-0.047988196880767,0.5073479490977577,0.13642388580283987,54.245276365844184,0.22968139050597391,-0.04793800853082947,0.5073007895427772,0.136356203423287,54.23413467000179,1.5143974785858383e-6,5.0188349937529964e-5,-4.715955498046931e-5,-6.76823795528747e-5,-0.011141695842397326,TRUE,TRUE
smcr_r0.5_REML,0.2299263661405795,-0.05047932893227711,0.5103320612134361,0.14139580912979566,54.245276365844184,0.22992704233455913,-0.05042143408597038,0.5102755187550887,0.14131176024347114,54.23413467000179,6.761939796151584e-7,5.7894846306728864e-5,-5.654245834740834e-5,-8.404888632451701e-5,-0.011141695842397326,TRUE,TRUE
smcr_r0.7_DL,0.22340001608277324,-0.054029867646370494,0.500829899811917,0.16078531932465706,64.1902465613249,0.22340382064912656,-0.05398057997906758,0.5007882212773207,0.1607238671171885,64.18290315729867,3.8045663533214924e-6,4.928766730291634e-5,-4.16785345962456e-5,-6.145220746855973e-5,-0.007343404026229905,TRUE,TRUE
smcr_r0.7_REML,0.22673731425166357,-0.07453142408533184,0.528006052588659,0.20764582670644288,64.1902465613249,0.22673787750636887,-0.07446642259580372,0.5279421776085415,0.2075399847137091,64.18290315729867,5.632547052936143e-7,6.500148952812146e-5,-6.387498011750647e-5,-1.0584199273377948e-4,-0.007343404026229905,TRUE,TRUE
smcr_r0.9_DL,0.21325879610329837,-0.0600347722171555,0.48655236442375227,0.18136668941703257,75.36315846312218,0.213265639884088,-0.05998707837158751,0.48651835813976346,0.18131736917619196,75.36018350064163,6.843780789633769e-6,4.7693845567992055e-5,-3.4006283988807784e-5,-4.9320240840616814e-5,-0.0029749624805504027,TRUE,TRUE
smcr_r0.9_REML,0.2237323333477239,-0.09859782828773173,0.5460624949831796,0.2833443832397968,75.36315846312218,0.2237319700231868,-0.0985255441899658,0.5459894842363393,0.2832141186596222,75.36018350064163,-3.6332453712262236e-7,7.228409776592615e-5,-7.301074684029629e-5,-1.3026458017462161e-4,-0.0029749624805504027,TRUE,TRUE
smd_change_r0.5_DL,0.20988855692434166,-0.047841825992475495,0.4676189398411588,0.1597808165480779,74.48721104966384,0.20988889451623324,-0.04782729364744489,0.4676050826799114,0.15976478094791596,74.48534394700121,3.3759189158044656e-7,1.4532345030605909e-5,-1.3857161247410321e-5,-1.6035600161945496e-5,-0.0018671026626293497,TRUE,TRUE
smd_change_r0.5_REML,0.21140430568524254,-0.10750579509653602,0.5303144064670211,0.2823829969256747,74.48721104966384,0.2114041576568074,-0.1074790624060092,0.530287377719624,0.28233663612336934,74.48534394700121,-1.4802843514849506e-7,2.6732690526817815e-5,-2.7028747397128683e-5,-4.636080230535633e-5,-0.0018671026626293497,TRUE,TRUE
smd_change_r0.7_DL,0.25222558110512744,-0.052479492279032036,0.5569306544892869,0.2491363208611561,81.78773055612602,0.2522265445227139,-0.05246280258608321,0.5569158916315111,0.24911579279875337,81.78654262496727,9.634175864858818e-7,1.668969294882361e-5,-1.4762857775796334e-5,-2.052806240274152e-5,-0.0011879311587534858,TRUE,TRUE
smd_change_r0.7_REML,0.2547960084030568,-0.1457413310405759,0.6553333478466894,0.488782459599159,81.78773055612602,0.254796023506297,-0.1457088374063941,0.655300884418988,0.48871187455625154,81.78654262496727,1.5103240214031644e-8,3.2493634181812725e-5,-3.2463427701356906e-5,-7.058504290746725e-5,-0.0011879311587534858,TRUE,TRUE
