study,py_g,r_g,d_g,ok
Luxton 2016,-0.25663518276684605,-0.2566346092945613,5.734722847705598e-7,TRUE
Mohr 2012,0,0,0,TRUE
Choi 2014,-0.6415656854585439,-0.6415642020801099,1.4833784339751688e-6,TRUE
Wagner 2014,-0.06469519739274171,-0.06469462176455587,5.756281858393386e-7,TRUE
Sethi 2013,-0.6233820600812757,-0.6233706223431988,1.1437738076880422e-5,TRUE
Sethi 2010,-0.33922960082740816,-0.3391896929884573,3.990783895085892e-5,TRUE
Wright 2005,0.8654279431005873,0.8653916013069393,-3.6341793648086984e-5,TRUE
Himelhoch 2013,-0.37171546498104274,-0.3717035897756543,1.1875205388423016e-5,TRUE
Poppelaars 2016,-0.06547705312032971,-0.0654768411868425,2.1193348721804117e-7,TRUE
Glueckauf 2012,0.09944817233227275,0.09942391076766084,-2.4261564611910424e-5,TRUE
Kalapatapu 2014,0.09318801022254855,0.09318772050835068,-2.8971419786805175e-7,TRUE
Nelson 2003,0.08232822792407797,0.08232420276787833,-4.025156199641278e-6,TRUE
Kay-Lambkin 2009,-0.6400281398432631,-0.6400232966733935,4.843169869594988e-6,TRUE
Andersson 2013,-0.10078127255554013,-0.10078055526486387,7.172906762581421e-7,TRUE
