study,instrument,rater,primary_instrument,ecbt_arm,f2f_arm,delivery,n_e,n_c,n_e_post,n_c_post,pre_e_m,pre_e_sd,pre_c_m,pre_c_sd,post_e_m,post_e_sd,post_c_m,post_c_sd,change_e_m,change_e_sd,change_c_m,change_c_sd,adj_diff,adj_diff_lb,adj_diff_ub,adj_ci_level,post_timepoint,sample,value_type,source_screenshot,post_sd_imputed,usable_post_smd,usable_post_smd_reported_sd,usable_smc,usable_change_smd_reported_sd,usable_adjusted,matches_corrigendum
Luxton 2016,BDI-II,self,TRUE,in-home videoconference BATD,in-person BATD,videoconference,62,59,45,42,27.6,10.45,29.71,11.33,13.82,12.02,11.74,12.08,,,,,4.23,0.66,7.81,0.9,post-treatment,"ITT frame, observed cases at each time point",reported,luxton_es.png,FALSE,TRUE,TRUE,TRUE,FALSE,TRUE,FALSE
Mohr 2012,Ham-D,clinician,TRUE,telephone CBT,face-to-face CBT,telephone,163,162,152,141,22.83,4.55,22.83,4.55,13.58,7.56,12.51,8.41,,,,,1.07,-0.63,2.76,0.95,end of treatment (week 18),"ITT, mixed-model means with multiple imputation","model-based mean, SD derived from 95% CI",mohr.png,FALSE,TRUE,TRUE,TRUE,FALSE,TRUE,TRUE
Mohr 2012,PHQ-9,self,FALSE,telephone CBT,face-to-face CBT,telephone,163,162,150,136,16.76,4.83,16.76,4.83,6.65,6.06,6.74,6.46,,,,,-0.09,-1.35,1.17,0.95,end of treatment (week 18),"ITT, mixed-model means with multiple imputation","model-based mean, SD derived from 95% CI",mohr.png,FALSE,TRUE,TRUE,TRUE,FALSE,TRUE,FALSE
Choi 2014,HAMD,clinician,TRUE,tele-PST (videoconference),in-person PST,videoconference,56,63,,,23.54,6.44,27.75,6.59,13.68,7.48,14.08,7.46,,,,,,,,,12-week follow-up (first post-baseline assessment),"mixed-model predicted means, ITT","model-based mean, SD = SE * sqrt(n)",choi_table3.png,FALSE,TRUE,TRUE,TRUE,FALSE,FALSE,TRUE
Wagner 2014,BDI,self,TRUE,internet CBT,face-to-face CBT,internet,32,30,,,22.96,6.07,23.41,7.63,12.41,10.03,12.33,8.77,,,,,,,,,post-treatment,not stated in screenshot,reported,wagner.png,FALSE,TRUE,TRUE,TRUE,FALSE,FALSE,TRUE
Sethi 2013,depression subscale (name not visible),self,TRUE,MoodGYM,face-to-face CBT,internet,23,21,,,17.65,5.03,21.42,6.8,12.17,3.12,7.8,3.09,,,,,,,,,post-treatment,not stated in screenshot,reported,sethi_2013_table2.png,FALSE,TRUE,TRUE,TRUE,FALSE,FALSE,TRUE
Sethi 2010,depression subscale (name not visible),self,TRUE,MoodGYM (online),face-to-face CBT,internet,9,10,,,16.4,9.2,19,5.1,15.7,4.2,7.2,3.1,,,,,,,,,post-treatment,not stated in screenshot,reported,sethi_2010_table1.png,FALSE,TRUE,TRUE,TRUE,FALSE,FALSE,TRUE
Wright 2005,BDI,self,TRUE,computer-assisted CT,standard CT,computer-assisted (in clinic),15,15,,,31.4,8.2,24.4,6.8,13.899999999999999,10.8,9.7,8,17.5,10.8,14.7,8,,,,,endpoint (ITT),ITT,"reported change scores; post mean derived as pre - change, post SD borrowed from change SD (imputed)","wright pre.png, wright_post.png",TRUE,TRUE,FALSE,TRUE,TRUE,FALSE,FALSE
Wright 2005,HAM-D,clinician,FALSE,computer-assisted CT,standard CT,computer-assisted (in clinic),15,15,,,16.6,3.2,17.1,5.4,9.100000000000001,6.3,8.8,6.6,7.5,6.3,8.3,6.6,,,,,endpoint (ITT),"ITT (df 2,41: one participant missing, arm unknown)","reported change scores; post mean derived as pre - change, post SD borrowed from change SD (imputed)","wright pre.png, wright_post.png",TRUE,TRUE,FALSE,TRUE,TRUE,FALSE,FALSE
Himelhoch 2013,HAM-D,clinician,TRUE,telephone CBT,face-to-face CBT,telephone,16,18,16,18,22.6,5.2,24.6,5.3,16.3,8.6,15.9,7.2,,,,,,,,,post-treatment,n = 16/18 at every time point in the table,reported,himelhoch.png,FALSE,TRUE,TRUE,TRUE,FALSE,FALSE,TRUE
Himelhoch 2013,QIDS-SR,self,FALSE,telephone CBT,face-to-face CBT,telephone,16,18,16,18,16.3,4.1,17,3.5,10.8,5.5,9.2,3.7,,,,,,,,,post-treatment,n = 16/18 at every time point in the table,reported,himelhoch.png,FALSE,TRUE,TRUE,TRUE,FALSE,FALSE,FALSE
Poppelaars 2016,RADS-2,self,TRUE,SPARX (computerised),OVK (school-based group CBT),computer game,51,50,,,69.33,8.37,66.94,7.09,57.88,12.57,59.33,13.27,,,,,,,,,"T9, immediately after the 8-week intervention",descriptives; observed vs imputed not stated in screenshot,reported,poppelaars.png,FALSE,TRUE,TRUE,TRUE,FALSE,FALSE,FALSE
Glueckauf 2012,depression (instrument not visible),self,TRUE,telephone CBT,face-to-face CBT,telephone,6,5,6,5,12.67,8.91,11.8,7.4,4.67,2.07,9,5.7,,,,,,,,,post-treatment,completers (pilot),reported,glueckauf.png,FALSE,TRUE,TRUE,TRUE,FALSE,FALSE,FALSE
Kalapatapu 2014,HAM-D,clinician,TRUE,telephone CBT,face-to-face CBT,telephone,50,53,,,22.2,4.7,21.8,3.8,12.8,9.2,11.8,7.2,,,,,,,,,end of treatment (week 18),footnotes on week-18 n not visible in screenshot,reported,"Kalapatapu_pre.png, Kalapatapu_post.png",FALSE,TRUE,TRUE,TRUE,FALSE,FALSE,TRUE
Kalapatapu 2014,PHQ-9,self,FALSE,telephone CBT,face-to-face CBT,telephone,50,53,,,16.8,5.1,16,5.1,6.9,7.2,5.9,5.4,,,,,,,,,end of treatment (week 18),footnotes on week-18 n not visible in screenshot,reported,"Kalapatapu_pre.png, Kalapatapu_post.png",FALSE,TRUE,TRUE,TRUE,FALSE,FALSE,FALSE
Nelson 2003,depression (instrument not visible),self,TRUE,videoconference CBT,face-to-face CBT,videoconference,14,14,14,14,14.36,9.85,13.57,8.75,6.71,4.78,11.64,11.63,,,,,,,,,post-test,"completers (Wilks lambda df 1,26 implies N = 28)",reported (calculated means from ANOVA),nelson.png,FALSE,TRUE,TRUE,TRUE,FALSE,FALSE,TRUE
Kay-Lambkin 2009,BDI-II,self,TRUE,computer-delivered CBT/MI (SHADE),therapist-delivered CBT/MI,computer (clinic-based),32,35,,,28.57,9.89,34.91,9.7,17.09,12.14,13.04,10.51,,,,,,,,,3 months (end of 10-session treatment),completers of all assessments (table n = 67 across three arms); per-arm n 32/35 taken from corrigendum and are not verifiable from the screenshot,reported,kay-lambkin.png,FALSE,TRUE,TRUE,TRUE,FALSE,FALSE,FALSE
Andersson 2013,MADRS-S,self,TRUE,internet CBT,group CBT,internet,33,36,,,23.6,4.8,24.1,5,13.6,9.8,17.1,8,,,,,,,,,post (week 9),"observed cases (total n 69 pre, 65 post); per-arm post split not in screenshot",reported,andersson.png,FALSE,TRUE,TRUE,TRUE,FALSE,FALSE,TRUE
Andersson 2013,BDI,self,FALSE,internet CBT,group CBT,internet,33,36,,,24,7,25.3,6.6,13.6,10.1,17.9,8.8,,,,,,,,,post (week 9),"observed cases (total n 69 pre, 65 post); per-arm post split not in screenshot",reported,andersson.png,FALSE,TRUE,TRUE,TRUE,FALSE,FALSE,FALSE
Andersson 2013,HRSD,clinician,FALSE,internet CBT,group CBT,internet,33,36,29,30,15.4,3.8,16.4,5,6.3,5,8.1,4.9,,,,,,,,,post (week 9),observed cases; post n 29/30 given in table footnote,reported,andersson.png,FALSE,TRUE,TRUE,TRUE,FALSE,FALSE,FALSE
