study,m_e,sd_e,n_e,m_c,sd_c,n_c
Andersson 2013,10,9.53,32,7,8.06,33
Choi 2014,9.86,7.96,49,13.67,7.99,54
Glueckauf 2012,8,8.52,6,2.8,7.87,5
Himelhoch 2013,6.3,8.61,14,8.7,7.55,17
Kalapatapu 2014,9.4,8.99,50,10,7.06,53
Kay-Lambkin 2009,11.48,13.16,23,21.87,11.97,23
Luxton 2016,13.78,13.35,45,17.97,13.86,42
Mohr 2012,9.32,7.37,152,10.29,7.82,141
Nelson 2003,7.65,9.57,14,1.93,12.28,14
Poppelaars 2016,11.45,12.84,51,7.61,13.03,50
Sethi 2010,0.7,8.89,9,11.8,5.11,10
Sethi 2013,5.48,5.06,23,13.62,6.57,21
Wagner 2014,10.55,10.05,25,11.08,9.75,28
Wright 2005,17.5,10.8,15,14.7,8,15
