study,ecbt_mean,ecbt_sd,ecbt_n,cbt_mean,cbt_sd,cbt_n
Andersson 2013,10,1.9,33,7,1.6,36
Choi 2014,9.86,1.3,56,13.67,1.25,63
Glueckauf 2012,9.4,3.5,7,2.8,3.5,7
Himelhoch 2013,6.3,2.5,16,8.7,2.1,18
Kalapatapu 2014,9.4,1.5,50,10,1.1,53
Kay-Lambkin 2009,11.5,2.8,32,18.3,2.4,35
Luxton 2016,13,2.2,62,18,2.2,59
Mohr 2012,9.25,0.7,163,10.35,0.8,162
Nelson 2003,7.7,2.9,14,1.9,3.9,14
Poppelaars 2016,4.7,2.4,51,4,2.4,50
Sethi 2010,0.7,3.4,9,11.8,1.9,10
Sethi 2013,5.5,1.2,23,13.6,1.3,21
Wagner 2014,10.6,2.1,32,11.1,2.1,30
Wright 2005,20.4,2.9,15,14.7,2.8,15
