study,arm,n_corr,pre_m_corr,pre_sd_corr,post_m_corr,post_sd_corr,n_kris,pre_m_kris,pre_sd_kris,post_m_kris,post_sd_kris,n_ours,pre_m_ours,pre_sd_ours,post_m_ours,post_sd_ours,timepoint_ours,sample_ours,n_fig3_orig,change_m_fig3_orig,sem_fig3_orig,n_fig3_corr,change_m_fig3_corr,sem_fig3_corr,change_m_corr,change_m_kris,change_m_ours,sem_change_corr,agree_n_kris_corr,agree_n_ours_corr,agree_n_ours_kris,agree_pre_kris_corr,agree_pre_ours_corr,agree_pre_ours_kris,agree_post_kris_corr,agree_post_ours_corr,agree_post_ours_kris,agree_fig3corr_vs_table1_change,agree_fig3corr_vs_table1_sem,reason,sign_convention_note
Andersson 2013,eCBT,33,23.6,4.8,13.6,9.8,32,23.6,4.8,13.6,9.8,33,23.6,4.8,13.6,9.8,post (week 9),"observed cases (total n 69 pre, 65 post); per-arm post split not in screenshot",33,10,1.9,33,10,1.9,10.000000000000002,10.000000000000002,10.000000000000002,1.899601234071206,FALSE,TRUE,FALSE,TRUE,TRUE,TRUE,TRUE,TRUE,TRUE,TRUE,TRUE,"n: corrigendum 33 vs 32 (Kriston, ours). Means and SDs agree.",arm-level inputs only; no sign convention applies
Andersson 2013,face-to-face,36,24.1,5,17.1,8,33,24.1,5,17.1,8,36,24.1,5,17.1,8,post (week 9),"observed cases (total n 69 pre, 65 post); per-arm post split not in screenshot",36,7,1.6,36,7,1.6,7,7,7,1.5723301886761007,FALSE,TRUE,FALSE,TRUE,TRUE,TRUE,TRUE,TRUE,TRUE,TRUE,TRUE,n: 36 vs 33. Means and SDs agree.,arm-level inputs only; no sign convention applies
Choi 2014,eCBT,56,23.54,6.44,13.68,7.48,49,23.54,6.44,13.68,7,56,23.54,6.44,13.68,7.48,12-week follow-up (first post-baseline assessment),"mixed-model predicted means, ITT",56,10.6,0.2,56,9.86,1.3,9.86,9.86,9.86,1.3189822916606142,FALSE,TRUE,FALSE,TRUE,TRUE,TRUE,FALSE,TRUE,FALSE,TRUE,TRUE,"n: randomised 56 (corrigendum, ours) vs completers 49 (Kriston). SDs = SE x sqrt(n) so they scale with the n chosen (7.48 vs 7.00). Arm selection: tele-PST arm of a three-arm trial, all sources agree.",arm-level inputs only; no sign convention applies
Choi 2014,face-to-face,63,27.75,6.59,14.08,7.46,54,27.75,6.59,14.08,6.91,63,27.75,6.59,14.08,7.46,12-week follow-up (first post-baseline assessment),"mixed-model predicted means, ITT",63,14.1,0.2,63,13.67,1.25,13.67,13.67,13.67,1.2540708316493334,FALSE,TRUE,FALSE,TRUE,TRUE,TRUE,FALSE,TRUE,FALSE,TRUE,TRUE,n: 63 vs 54; SD = SE x sqrt(n) (7.46 vs 6.91).,arm-level inputs only; no sign convention applies
Glueckauf 2012,eCBT,7,12.67,8.91,4.67,2.07,6,12.67,8.91,4.67,2.07,6,12.67,8.91,4.67,2.07,post-treatment,completers (pilot),7,9.4,3.5,7,9.4,3.5,8,8,8,3.457352413955759,FALSE,FALSE,TRUE,TRUE,TRUE,TRUE,TRUE,TRUE,TRUE,FALSE,TRUE,"n: corrigendum 7 vs 6 (Kriston, ours). Means and SDs agree. Corrected Fig 3 change 9.4 vs Table 1 8.0 (transfer error, also noted by Kriston et al.).",arm-level inputs only; no sign convention applies
Glueckauf 2012,face-to-face,7,11.8,7.4,9,5.7,5,11.8,7.4,9,5.7,5,11.8,7.4,9,5.7,post-treatment,completers (pilot),7,2.8,3.5,7,2.8,3.5,2.8000000000000007,2.8000000000000007,2.8000000000000007,3.530479530359256,FALSE,FALSE,TRUE,TRUE,TRUE,TRUE,TRUE,TRUE,TRUE,TRUE,TRUE,n: 7 vs 5. Means and SDs agree.,arm-level inputs only; no sign convention applies
Himelhoch 2013,eCBT,16,22.6,5.2,16.3,8.6,14,22.6,5.2,16.3,8.6,16,22.6,5.2,16.3,8.6,post-treatment,n = 16/18 at every time point in the table,16,6.3,2.5,16,6.3,2.5,6.300000000000001,6.300000000000001,6.300000000000001,2.5124689052802225,FALSE,TRUE,FALSE,TRUE,TRUE,TRUE,TRUE,TRUE,TRUE,TRUE,TRUE,n: randomised 16 vs completers 14 (Kriston). Means and SDs agree.,arm-level inputs only; no sign convention applies
Himelhoch 2013,face-to-face,18,24.6,5.3,15.9,7.2,17,24.6,5.3,15.9,7.2,18,24.6,5.3,15.9,7.2,post-treatment,n = 16/18 at every time point in the table,18,8.7,2.1,18,8.7,2.1,8.700000000000001,8.700000000000001,8.700000000000001,2.1072625739464828,FALSE,TRUE,FALSE,TRUE,TRUE,TRUE,TRUE,TRUE,TRUE,TRUE,TRUE,n: 18 vs 17. Means and SDs agree.,arm-level inputs only; no sign convention applies
Kalapatapu 2014,eCBT,50,22.2,4.7,12.8,9.2,50,22.2,4.7,12.8,9.2,50,22.2,4.7,12.8,9.2,end of treatment (week 18),footnotes on week-18 n not visible in screenshot,50,9.4,1.5,50,9.4,1.5,9.399999999999999,9.399999999999999,9.399999999999999,1.46102703602637,TRUE,TRUE,TRUE,TRUE,TRUE,TRUE,TRUE,TRUE,TRUE,TRUE,TRUE,All sources agree. Secondary analysis of the Mohr 2012 trial (alcohol subgroup); not independent of Mohr.,arm-level inputs only; no sign convention applies
Kalapatapu 2014,face-to-face,53,21.8,3.8,11.8,7.2,53,21.8,3.8,11.8,7.2,53,21.8,3.8,11.8,7.2,end of treatment (week 18),footnotes on week-18 n not visible in screenshot,53,10,1.1,53,10,1.1,10,10,10,1.1182870998700867,TRUE,TRUE,TRUE,TRUE,TRUE,TRUE,TRUE,TRUE,TRUE,TRUE,TRUE,All sources agree.,arm-level inputs only; no sign convention applies
Kay-Lambkin 2009,eCBT,32,28.57,9.89,17.09,12.14,23,28.57,9.89,17.09,12.14,32,28.57,9.89,17.09,12.14,3 months (end of 10-session treatment),completers of all assessments (table n = 67 across three arms); per-arm n 32/35 taken from corrigendum and are not verifiable from the screenshot,32,11.5,2.8,32,11.5,2.8,11.48,11.48,11.48,2.7680752563830344,FALSE,TRUE,FALSE,TRUE,TRUE,TRUE,TRUE,TRUE,TRUE,TRUE,TRUE,"n: randomised 32 (corrigendum, ours) vs completers 23 (Kriston, from proportion assessed). Means and SDs agree. Arm: computer-delivered SHADE arm of a three-arm trial.",arm-level inputs only; no sign convention applies
Kay-Lambkin 2009,face-to-face,35,34.91,9.7,16.65,10.63,23,34.91,9.7,13.04,10.51,35,34.91,9.7,13.04,10.51,3 months (end of 10-session treatment),completers of all assessments (table n = 67 across three arms); per-arm n 32/35 taken from corrigendum and are not verifiable from the screenshot,35,18.3,2.4,35,18.3,2.4,18.259999999999998,21.869999999999997,21.869999999999997,2.4324408669952433,FALSE,TRUE,FALSE,TRUE,TRUE,TRUE,FALSE,FALSE,TRUE,TRUE,TRUE,n: 35 vs 23. Post mean: corrigendum 16.65 (10.63) is the computer arm's 6-month value (column slip); Kriston and ours 13.04 (10.51) at 3 months. Also noted by Kriston et al. (28% deviation).,arm-level inputs only; no sign convention applies
Luxton 2016,eCBT,62,26.65,11.8,13.63,12.47,45,27.6,10.45,13.82,12.02,62,27.6,10.45,13.82,12.02,post-treatment,"ITT frame, observed cases at each time point",62,13,2.2,62,13,2.2,13.019999999999998,13.780000000000001,13.780000000000001,2.1803406806898247,FALSE,TRUE,FALSE,FALSE,FALSE,TRUE,FALSE,FALSE,TRUE,TRUE,TRUE,"n: corrigendum randomised 62, Kriston and ours analysed 45 (ITT panel, observed cases). Pre/post: corrigendum values not in the ITT panel of Luxton Table 3 (probably per-protocol panel); Kriston and ours use the ITT panel.",arm-level inputs only; no sign convention applies
Luxton 2016,face-to-face,59,29.69,11.74,11.74,12.08,42,29.71,11.33,11.74,12.08,59,29.71,11.33,11.74,12.08,post-treatment,"ITT frame, observed cases at each time point",59,18,2.2,59,18,2.2,17.950000000000003,17.97,17.97,2.193032108863998,FALSE,TRUE,FALSE,FALSE,FALSE,TRUE,TRUE,TRUE,TRUE,TRUE,TRUE,n: randomised 59 vs analysed 42. Pre SD 11.74 (corrigendum) vs 11.33 (ITT panel).,arm-level inputs only; no sign convention applies
Mohr 2012,eCBT,163,22.83,4.6,13.58,7.55,152,22.9,4.6,13.58,7.3,163,22.83,4.55,13.58,7.56,end of treatment (week 18),"ITT, mixed-model means with multiple imputation",163,9.25,0.7,163,9.25,0.7,9.249999999999998,9.319999999999999,9.249999999999998,0.6924771042260536,FALSE,TRUE,FALSE,FALSE,TRUE,FALSE,FALSE,TRUE,FALSE,TRUE,TRUE,"n: randomised 163 vs completers 152. Means are model-based (multiple imputation); SDs derived from 95% CIs: corrigendum and ours with ITT n, Kriston with completer n (7.55 vs 7.30 vs 7.30). Kriston pre mean 22.9 vs 22.83 (rounding in JAMA Table 2).",arm-level inputs only; no sign convention applies
Mohr 2012,face-to-face,162,22.83,4.6,12.51,8.41,141,22.8,4.6,12.51,7.85,162,22.83,4.55,12.51,8.41,end of treatment (week 18),"ITT, mixed-model means with multiple imputation",162,10.32,0.8,162,10.35,0.8,10.319999999999999,10.290000000000001,10.319999999999999,0.7531337821576991,FALSE,TRUE,FALSE,FALSE,TRUE,FALSE,FALSE,TRUE,FALSE,TRUE,TRUE,n: 162 vs 141. Post SD from CI with ITT n (8.41) vs completer n (7.85).,arm-level inputs only; no sign convention applies
Nelson 2003,eCBT,14,14.36,9.85,6.71,4.78,14,14.36,9.85,6.71,4.78,14,14.36,9.85,6.71,4.78,post-test,"completers (Wilks lambda df 1,26 implies N = 28)",14,7.7,2.9,14,7.7,2.9,7.6499999999999995,7.6499999999999995,7.6499999999999995,2.9261249363034967,TRUE,TRUE,TRUE,TRUE,TRUE,TRUE,TRUE,TRUE,TRUE,TRUE,TRUE,All sources agree.,arm-level inputs only; no sign convention applies
Nelson 2003,face-to-face,14,13.57,8.75,11.64,11.63,14,13.57,8.75,11.64,11.63,14,13.57,8.75,11.64,11.63,post-test,"completers (Wilks lambda df 1,26 implies N = 28)",14,1.9,3.9,14,1.9,3.9,1.9299999999999997,1.9299999999999997,1.9299999999999997,3.8897245587389793,TRUE,TRUE,TRUE,TRUE,TRUE,TRUE,TRUE,TRUE,TRUE,TRUE,TRUE,All sources agree.,arm-level inputs only; no sign convention applies
Poppelaars 2016,eCBT,51,62.61,11.97,57.88,12.57,51,69.33,8.37,57.88,12.57,51,69.33,8.37,57.88,12.57,"T9, immediately after the 8-week intervention",descriptives; observed vs imputed not stated in screenshot,51,4.7,2.4,51,4.7,2.4,4.729999999999997,11.449999999999996,11.449999999999996,2.430548231548256,TRUE,TRUE,TRUE,FALSE,FALSE,TRUE,TRUE,TRUE,TRUE,TRUE,TRUE,"Pre: corrigendum used T1 (first weekly assessment, 62.61 (11.97)); Kriston and ours use T0 pre-intervention (69.33 (8.37)). Post T9 agrees. Arm: SPARX (eCBT) vs OVK (face-to-face) of a four-arm trial, all sources agree.",arm-level inputs only; no sign convention applies
Poppelaars 2016,face-to-face,50,63.35,10.39,59.33,13.27,50,66.94,7.09,59.33,13.27,50,66.94,7.09,59.33,13.27,"T9, immediately after the 8-week intervention",descriptives; observed vs imputed not stated in screenshot,50,4,2.4,50,4,2.4,4.020000000000003,7.609999999999999,7.609999999999999,2.383463865889307,TRUE,TRUE,TRUE,FALSE,FALSE,TRUE,TRUE,TRUE,TRUE,TRUE,TRUE,Pre: T1 63.35 (10.39) vs T0 66.94 (7.09). Post agrees.,arm-level inputs only; no sign convention applies
Sethi 2010,eCBT,9,16.4,9.2,15.7,4.2,9,16.4,9.2,15.7,4.2,9,16.4,9.2,15.7,4.2,post-treatment,not stated in screenshot,9,0.7,3.4,9,0.7,3.4,0.6999999999999993,0.6999999999999993,0.6999999999999993,3.3711191679388084,TRUE,TRUE,TRUE,TRUE,TRUE,TRUE,TRUE,TRUE,TRUE,TRUE,TRUE,All sources agree.,arm-level inputs only; no sign convention applies
Sethi 2010,face-to-face,10,19,5.1,7.2,3.1,10,19,5.1,7.2,3.1,10,19,5.1,7.2,3.1,post-treatment,not stated in screenshot,10,11.8,1.9,10,11.8,1.9,11.8,11.8,11.8,1.8873261509341728,TRUE,TRUE,TRUE,TRUE,TRUE,TRUE,TRUE,TRUE,TRUE,TRUE,TRUE,All sources agree.,arm-level inputs only; no sign convention applies
Sethi 2013,eCBT,23,17.65,5.03,12.17,3.12,23,17.65,5.03,12.17,3.12,23,17.65,5.03,12.17,3.12,post-treatment,not stated in screenshot,23,5.5,1.2,23,5.5,1.2,5.479999999999999,5.479999999999999,5.479999999999999,1.2342098334738216,TRUE,TRUE,TRUE,TRUE,TRUE,TRUE,TRUE,TRUE,TRUE,TRUE,TRUE,All sources agree. Fig 3 vs Table 1: agree.,arm-level inputs only; no sign convention applies
Sethi 2013,face-to-face,21,21.42,6.8,7.8,3.09,21,21.42,6.8,7.8,3.09,21,21.42,6.8,7.8,3.09,post-treatment,not stated in screenshot,21,13.6,1.3,21,13.6,1.3,13.620000000000001,13.620000000000001,13.620000000000001,1.6299006688986266,TRUE,TRUE,TRUE,TRUE,TRUE,TRUE,TRUE,TRUE,TRUE,TRUE,FALSE,"All sources agree on inputs. Corrected Fig 3 SEM 1.3 vs Table 1 SEM 1.63 (transfer error, also noted by Kriston et al.).",arm-level inputs only; no sign convention applies
Wagner 2014,eCBT,32,22.96,6.07,12.41,10.03,25,22.96,6.07,12.41,10.03,32,22.96,6.07,12.41,10.03,post-treatment,not stated in screenshot,32,10.6,2.1,32,10.6,2.1,10.55,10.55,10.55,2.0724819058317494,FALSE,TRUE,FALSE,TRUE,TRUE,TRUE,TRUE,TRUE,TRUE,TRUE,TRUE,n: randomised 32 vs completers 25 (Kriston). Means and SDs agree.,arm-level inputs only; no sign convention applies
Wagner 2014,face-to-face,30,23.41,7.63,12.33,8.77,28,23.41,7.63,12.33,8.77,30,23.41,7.63,12.33,8.77,post-treatment,not stated in screenshot,30,11.1,2.1,30,11.1,2.1,11.08,11.08,11.08,2.1223399036597947,FALSE,TRUE,FALSE,TRUE,TRUE,TRUE,TRUE,TRUE,TRUE,TRUE,TRUE,n: 30 vs 28. Means and SDs agree.,arm-level inputs only; no sign convention applies
Wright 2005,eCBT,15,31.1,8.2,10.7,8.1,15,31.4,8.2,13.9,9.91,15,31.4,8.2,13.9,10.8,endpoint (ITT),ITT,15,17.5,2.3,15,20.4,2.9,20.400000000000002,17.5,17.5,2.9760152329359246,TRUE,TRUE,TRUE,FALSE,FALSE,TRUE,FALSE,FALSE,FALSE,TRUE,FALSE,Post mean: corrigendum 10.7 is the BDI week-4 completer CHANGE score read as a post mean; Kriston and ours derive post = pre - endpoint ITT change = 13.9 (pre 31.4 vs corrigendum 31.1). Post SD: no post SD exists; corrigendum 8.1 is the week-4 change SD; Kriston back-solve from the change SD with r = 0.3 (9.91); ours borrow the change SD (10.8). Original Fig 3 used the correct ITT change 17.5.,arm-level inputs only; no sign convention applies
Wright 2005,face-to-face,15,24.4,6.8,9.7,8.5,15,24.4,6.8,9.7,6.72,15,24.4,6.8,9.7,8,endpoint (ITT),ITT,15,14.7,1.9,15,14.7,2.8,14.7,14.7,14.7,2.810575267331109,TRUE,TRUE,TRUE,TRUE,TRUE,TRUE,FALSE,FALSE,FALSE,TRUE,TRUE,"Post mean 9.7 = 24.4 - 14.7 in all sources (coincidence for the corrigendum, whose 9.7 is also the week-4 change). Post SD: corrigendum 8.5 (week-4 change SD), Kriston 6.72 (back-solved, r = 0.3), ours 8.0 (borrowed change SD).",arm-level inputs only; no sign convention applies
