study_id,first_author,year,parameter,x5,rev1,rev2,pct_dev_reviewers,consensus,review_value,pct_dev_vs_review,source
296,Luxton,2016,eCBT sample size,,45,45,0,45,62,0.37777777777777777,"p. 929, Table 3"
296,Luxton,2016,eCBT pre mean,,27.6,27.6,0,27.6,26.65,3.5647279549718684E-2,"p. 929, Table 3"
296,Luxton,2016,eCBT pre SD,,10.45,10.45,0,10.45,11.8,0.12918660287081354,"p. 929, Table 3"
296,Luxton,2016,eCBT post mean,,13.82,13.82,0,13.82,13.63,1.3939838591342589E-2,"p. 929, Table 3"
296,Luxton,2016,eCBT post SD,,12.02,12.02,0,12.02,12.47,3.7437603993344518E-2,"p. 929, Table 3"
296,Luxton,2016,ftfCBT sample size,,42,42,0,42,59,0.40476190476190477,"p. 929, Table 3"
296,Luxton,2016,ftfCBT pre mean,,29.71,29.71,0,29.71,29.69,6.7362748400133282E-4,"p. 929, Table 3"
296,Luxton,2016,ftfCBT pre SD,,11.33,11.33,0,11.33,11.74,3.6187113857016784E-2,"p. 929, Table 3"
296,Luxton,2016,ftfCBT post mean,,11.74,11.74,0,11.74,11.74,0,"p. 929, Table 3"
296,Luxton,2016,ftfCBT post SD,,12.08,12.08,0,12.08,12.08,0,"p. 929, Table 3"
303,Mohr,2012,eCBT sample size,,152,152,0,152,163,7.2368421052631582E-2,"p. 2283, Table 2"
303,Mohr,2012,eCBT pre mean,,22.9,22.83,3.0661410424879672E-3,22.9,22.83,3.0661410424879672E-3,"p. 2283, Table 2"
303,Mohr,2012,eCBT pre SD,,4.5999999999999996,4.5999999999999996,0,4.5999999999999996,4.5999999999999996,0,"p. 2282, Table 1"
303,Mohr,2012,eCBT post mean,,13.58,13.58,0,13.58,13.58,0,"p. 2283, Table 2"
303,Mohr,2012,eCBT post SD,,No data,7.3,N/A,7.3,7.55,3.4246575342465752E-2,"p.2283, Table2, estimated from 95% CI as (CI_up-CI_low))/3,92*SQRT(n_post)"
303,Mohr,2012,ftfCBT sample size,,141,141,0,141,162,0.14893617021276595,"p. 2283, Table 2"
303,Mohr,2012,ftfCBT pre mean,,22.8,22.83,1.3157894736841045E-3,22.8,22.83,1.3157894736841045E-3,"p. 2283, Table 2"
303,Mohr,2012,ftfCBT pre SD,,4.5999999999999996,4.5999999999999996,0,4.5999999999999996,4.5999999999999996,0,"p. 2282, Table 1"
303,Mohr,2012,ftfCBT post mean,,12.51,12.51,0,12.51,12.51,0,"p. 2283, Table 2"
303,Mohr,2012,ftfCBT post SD,,No data,7.85,N/A,7.85,8.41,7.1337579617834462E-2,"p. 2283, Table2, estimated from 95% CI as (CI_up-CI_low))/3,92*SQRT(n_post)"
503,Choi,2014,eCBT sample size,,49,49,0,49,56,0.14285714285714285,"p.654, text"
503,Choi,2014,eCBT pre mean,,23.54,23.54,0,23.54,23.54,0,"p.658, Table 3"
503,Choi,2014,eCBT pre SD,,6.44,6.44,0,6.44,6.44,0,"p.658, Table 3, estimated from SE as SE*SQRT(n_pre)"
503,Choi,2014,eCBT post mean,,13.68,13.68,0,13.68,13.68,0,"p.658, Table 3"
503,Choi,2014,eCBT post SD,,7,7,0,7,7.48,6.857142857142863E-2,"p.658, Table 3, estimated from SE as SE*SQRT(n_post)"
503,Choi,2014,ftfCBT sample size,,54,54,0,54,63,0.16666666666666666,"p.654, text"
503,Choi,2014,ftfCBT pre mean,,27.75,27.75,0,27.75,27.75,0,"p.658, Table 3"
503,Choi,2014,ftfCBT pre SD,,6.59,6.59,0,6.59,6.59,0,"p.658, Table 3, estimated from SE as SE*SQRT(n_pre)"
503,Choi,2014,ftfCBT post mean,,14.08,14.08,0,14.08,14.08,0,"p.658, Table 3"
503,Choi,2014,ftfCBT post SD,,6.91,6.91,0,6.91,7.46,7.9594790159189549E-2,"p.658, Table 3, estimated from SE as SE*SQRT(n_post)"
373,Wagner,2014,eCBT sample size,,25,25,0,25,32,0.28000000000000003,"p. 117, Table 2"
373,Wagner,2014,eCBT pre mean,,22.96,22.96,0,22.96,22.96,0,"p. 117, Table 2"
373,Wagner,2014,eCBT pre SD,,6.07,6.07,0,6.07,6.07,0,"p. 117, Table 2"
373,Wagner,2014,eCBT post mean,,12.41,12.41,0,12.41,12.41,0,"p. 117, Table 2"
373,Wagner,2014,eCBT post SD,,10.029999999999999,10.029999999999999,0,10.029999999999999,10.029999999999999,0,"p. 117, Table 2"
373,Wagner,2014,ftfCBT sample size,,28,28,0,28,30,7.1428571428571425E-2,"p. 117, Table 2"
373,Wagner,2014,ftfCBT pre mean,,23.41,23.41,0,23.41,23.41,0,"p. 117, Table 2"
373,Wagner,2014,ftfCBT pre SD,,7.63,7.63,0,7.63,7.63,0,"p. 117, Table 2"
373,Wagner,2014,ftfCBT post mean,,12.33,12.33,0,12.33,12.33,0,"p. 117, Table 2"
373,Wagner,2014,ftfCBT post SD,,8.77,8.77,0,8.77,8.77,0,"p. 117, Table 2"
767,Sethi,2013,eCBT sample size,,23,23,0,23,23,0,"p. 251, Table 1"
767,Sethi,2013,eCBT pre mean,,17.649999999999999,17.649999999999999,0,17.649999999999999,17.649999999999999,0,"p.253, Table 2"
767,Sethi,2013,eCBT pre SD,,5.03,5.03,0,5.03,5.03,0,"p.253, Table 2"
767,Sethi,2013,eCBT post mean,,12.17,12.17,0,12.17,12.17,0,"p.253, Table 2"
767,Sethi,2013,eCBT post SD,,3.12,3.12,0,3.12,3.12,0,"p.253, Table 2"
767,Sethi,2013,ftfCBT sample size,,21,21,0,21,21,0,"p. 251, Table 1"
767,Sethi,2013,ftfCBT pre mean,,21.42,21.42,0,21.42,21.42,0,"p.253, Table 2"
767,Sethi,2013,ftfCBT pre SD,,6.8,6.8,0,6.8,6.8,0,"p.253, Table 2"
767,Sethi,2013,ftfCBT post mean,,7.8,7.8,0,7.8,7.8,0,"p.253, Table 2"
767,Sethi,2013,ftfCBT post SD,,3.09,3.09,0,3.09,3.09,0,"p.253, Table 2"
279,Sethi,2010,eCBT sample size,,8,9,0.125,9,9,0,"p. 151, text"
279,Sethi,2010,eCBT pre mean,,16.399999999999999,16.399999999999999,0,16.399999999999999,16.399999999999999,0,"p. 152, Table 1"
279,Sethi,2010,eCBT pre SD,,9.1999999999999993,9.1999999999999993,0,9.1999999999999993,9.1999999999999993,0,"p. 152, Table 1"
279,Sethi,2010,eCBT post mean,,15.7,15.7,0,15.7,15.7,0,"p. 152, Table 1"
279,Sethi,2010,eCBT post SD,,4.2,4.2,0,4.2,4.2,0,"p. 152, Table 1"
279,Sethi,2010,ftfCBT sample size,,10,10,0,10,10,0,"p. 151, text"
279,Sethi,2010,ftfCBT pre mean,,19,19,0,19,19,0,"p. 152, Table 1"
279,Sethi,2010,ftfCBT pre SD,,5.0999999999999996,5.0999999999999996,0,5.0999999999999996,5.0999999999999996,0,"p. 152, Table 1"
279,Sethi,2010,ftfCBT post mean,,7.2,7.2,0,7.2,7.2,0,"p. 152, Table 1"
279,Sethi,2010,ftfCBT post SD,,3.1,3.1,0,3.1,3.1,0,"p. 152, Table 1"
490,Wright,2005,eCBT sample size,,15,14,7.1428571428571425E-2,15,15,0,"p. 1162, Figure 2"
490,Wright,2005,eCBT pre mean,,31.4,31.4,0,31.4,31.1,9.6463022508037673E-3,"p. 1160, Table 1"
490,Wright,2005,eCBT pre SD,,8.1999999999999993,8.1999999999999993,0,8.1999999999999993,8.1999999999999993,0,"p. 1160, Table 1"
490,Wright,2005,eCBT post mean,,13.9,20.7,0.48920863309352508,13.9,10.7,0.29906542056074781,"p. 1160-1161, Table 1, calculated as mean_pre-mean_change"
490,Wright,2005,eCBT post SD,,10.8,4.5599999999999996,1.3684210526315792,9.91,8.1,0.22345679012345687,"p. 1160-1161, Table 1, estimated as r*SD_pre+SQRT((r^2-1)*SD_pre^2+SD_change^2) with r=.3"
490,Wright,2005,ftfCBT sample size,,15,14,7.1428571428571425E-2,15,15,0,"p. 1162, Figure 2"
490,Wright,2005,ftfCBT pre mean,,24.4,24.4,0,24.4,24.4,0,"p. 1160, Table 1"
490,Wright,2005,ftfCBT pre SD,,6.8,6.8,0,6.8,6.8,0,"p. 1160, Table 1"
490,Wright,2005,ftfCBT post mean,,9.6999999999999993,14.7,0.51546391752577325,9.6999999999999993,9.6999999999999993,0,"p. 1160-1161, Table 1, calculated as mean_pre-mean_change"
490,Wright,2005,ftfCBT post SD,,8,7.53,6.2416998671978717E-2,6.72,8.5,0.26488095238095244,"p. 1160-1161, Table 1, estimated as r*SD_pre+SQRT((r^2-1)*SD_pre^2+SD_change^2) with r=.3"
774,Himmelhoch,2013,eCBT sample size,,16,14,0.14285714285714285,14,16,0.14285714285714285,"p. 2759, Figure 1"
774,Himmelhoch,2013,eCBT pre mean,,22.6,22.6,0,22.6,22.6,0,"p. 2761, Table 2"
774,Himmelhoch,2013,eCBT pre SD,,5.2,5.2,0,5.2,5.2,0,"p. 2761, Table 2"
774,Himmelhoch,2013,eCBT post mean,,16.3,16.3,0,16.3,16.3,0,"p. 2761, Table 2"
774,Himmelhoch,2013,eCBT post SD,,8.6,8.6,0,8.6,8.6,0,"p. 2761, Table 2"
774,Himmelhoch,2013,ftfCBT sample size,,18,17,5.8823529411764705E-2,17,18,5.8823529411764705E-2,"p. 2759, Figure 1"
774,Himmelhoch,2013,ftfCBT pre mean,,24.6,24.6,0,24.6,24.6,0,"p. 2761, Table 2"
774,Himmelhoch,2013,ftfCBT pre SD,,5.3,5.3,0,5.3,5.3,0,"p. 2761, Table 2"
774,Himmelhoch,2013,ftfCBT post mean,,15.9,15.9,0,15.9,15.9,0,"p. 2761, Table 2"
774,Himmelhoch,2013,ftfCBT post SD,,7.2,7.2,0,7.2,7.2,0,"p. 2761, Table 2"
347,Poppelaars,2016,eCBT sample size,,51,51,0,51,51,0,"p. 36, Figure 1"
347,Poppelaars,2016,eCBT pre mean,,69.33,69.33,0,69.33,62.61,0.10733109726880688,"p. 38, Table 2"
347,Poppelaars,2016,eCBT pre SD,,8.3699999999999992,8.3699999999999992,0,8.3699999999999992,11.97,0.43010752688172066,"p. 38, Table 2"
347,Poppelaars,2016,eCBT post mean,,57.88,57.88,0,57.88,57.88,0,"p. 38, Table 2"
347,Poppelaars,2016,eCBT post SD,,12.57,12.57,0,12.57,12.57,0,"p. 38, Table 2"
347,Poppelaars,2016,ftfCBT sample size,,50,50,0,50,50,0,"p. 36, Figure 1"
347,Poppelaars,2016,ftfCBT pre mean,,66.94,66.94,0,66.94,63.35,5.6669297553275391E-2,"p. 38, Table 2"
347,Poppelaars,2016,ftfCBT pre SD,,7.09,7.09,0,7.09,10.39,0.46544428772919616,"p. 38, Table 2"
347,Poppelaars,2016,ftfCBT post mean,,59.33,59.33,0,59.33,59.33,0,"p. 38, Table 2"
347,Poppelaars,2016,ftfCBT post SD,,13.27,13.27,0,13.27,13.27,0,"p. 38, Table 2"
36,Glueckauf,2012,eCBT sample size,,6,6,0,6,7,0.16666666666666666,p. 137 Table 3
36,Glueckauf,2012,eCBT pre mean,,12.67,12.67,0,12.67,12.67,0,p. 137 Table 3
36,Glueckauf,2012,eCBT pre SD,,8.91,8.91,0,8.91,8.91,0,p. 137 Table 3
36,Glueckauf,2012,eCBT post mean,,4.67,4.67,0,4.67,4.67,0,p. 137 Table 3
36,Glueckauf,2012,eCBT post SD,,2.0699999999999998,2.0699999999999998,0,2.0699999999999998,2.0699999999999998,0,p. 137 Table 3
36,Glueckauf,2012,ftfCBT sample size,,5,5,0,5,7,0.4,p. 137 Table 3
36,Glueckauf,2012,ftfCBT pre mean,,11.8,11.8,0,11.8,11.8,0,p. 137 Table 3
36,Glueckauf,2012,ftfCBT pre SD,,7.4,7.4,0,7.4,7.4,0,p. 137 Table 3
36,Glueckauf,2012,ftfCBT post mean,,9,9,0,9,9,0,p. 137 Table 3
36,Glueckauf,2012,ftfCBT post SD,,5.7,5.7,0,5.7,5.7,0,p. 137 Table 3
40,Kalapatapu,2014,eCBT sample size,,50,50,0,50,50,0,"p. 89, Table 2"
40,Kalapatapu,2014,eCBT pre mean,,22.2,22.2,0,22.2,22.2,0,p. 88; Table 1
40,Kalapatapu,2014,eCBT pre SD,,4.7,4.7,0,4.7,4.7,0,p. 88; Table 1
40,Kalapatapu,2014,eCBT post mean,,12.8,12.8,0,12.8,12.8,0,"p. 89, Table 2"
40,Kalapatapu,2014,eCBT post SD,,9.1999999999999993,9.1999999999999993,0,9.1999999999999993,9.1999999999999993,0,"p. 89, Table 2"
40,Kalapatapu,2014,ftfCBT sample size,,53,53,0,53,53,0,"p. 89, Table 2"
40,Kalapatapu,2014,ftfCBT pre mean,,21.8,21.8,0,21.8,21.8,0,p. 88; Table 1
40,Kalapatapu,2014,ftfCBT pre SD,,3.8,3.8,0,3.8,3.8,0,p. 88; Table 1
40,Kalapatapu,2014,ftfCBT post mean,,11.8,11.8,0,11.8,11.8,0,"p. 89, Table 2"
40,Kalapatapu,2014,ftfCBT post SD,,7.2,7.2,0,7.2,7.2,0,"p. 89, Table 2"
557,Nelson,2003,eCBT sample size,,14,14,0,14,14,0,"p.53, text"
557,Nelson,2003,eCBT pre mean,,14.36,14.36,0,14.36,14.36,0,"p.53, text"
557,Nelson,2003,eCBT pre SD,,9.85,9.85,0,9.85,9.85,0,"p.53, text"
557,Nelson,2003,eCBT post mean,,6.71,6.71,0,6.71,6.71,0,"p.53, text"
557,Nelson,2003,eCBT post SD,,4.78,4.78,0,4.78,4.78,0,"p.53, text"
557,Nelson,2003,ftfCBT sample size,,14,14,0,14,14,0,"p.53, text"
557,Nelson,2003,ftfCBT pre mean,,13.57,13.57,0,13.57,13.57,0,"p.53, text"
557,Nelson,2003,ftfCBT pre SD,,8.75,8.75,0,8.75,8.75,0,"p.53, text"
557,Nelson,2003,ftfCBT post mean,,11.64,11.64,0,11.64,11.64,0,"p.53, text"
557,Nelson,2003,ftfCBT post SD,,11.63,11.63,0,11.63,11.63,0,"p.53, text"
187,Kay-Lambkin,2009,eCBT sample size,,23,23,0,23,32,0.39130434782608697,calculated from proportion of assessed (p. 382) of total n (p. 380)
187,Kay-Lambkin,2009,eCBT pre mean,,28.57,28.57,0,28.57,28.57,0,"p. 382, Table 1"
187,Kay-Lambkin,2009,eCBT pre SD,,9.89,9.89,0,9.89,9.89,0,"p. 382, Table 1"
187,Kay-Lambkin,2009,eCBT post mean,,17.09,17.09,0,17.09,17.09,0,"p. 382, Table 1"
187,Kay-Lambkin,2009,eCBT post SD,,12.14,12.14,0,12.14,12.14,0,"p. 382, Table 1"
187,Kay-Lambkin,2009,ftfCBT sample size,,23,23,0,23,35,0.52173913043478259,calculated from proportion of assessed (p. 382) of total n (p. 380)
187,Kay-Lambkin,2009,ftfCBT pre mean,,34.909999999999997,34.909999999999997,0,34.909999999999997,34.909999999999997,0,"p. 382, Table 1"
187,Kay-Lambkin,2009,ftfCBT pre SD,,9.6999999999999993,9.6999999999999993,0,9.6999999999999993,9.6999999999999993,0,"p. 382, Table 1"
187,Kay-Lambkin,2009,ftfCBT post mean,,13.04,13.04,0,13.04,16.649999999999999,0.27684049079754597,"p. 382, Table 1"
187,Kay-Lambkin,2009,ftfCBT post SD,,10.51,10.51,0,10.51,10.63,1.1417697431018173E-2,"p. 382, Table 1"
242,Andersson,2013,eCBT sample size,,32,32,0,32,33,3.125E-2,"p. 989, Figure 1"
242,Andersson,2013,eCBT pre mean,,23.6,23.6,0,23.6,23.6,0,"p. 991, Table 2"
242,Andersson,2013,eCBT pre SD,,4.8,4.8,0,4.8,4.8,0,"p. 991, Table 2"
242,Andersson,2013,eCBT post mean,,13.6,13.6,0,13.6,13.6,0,"p. 991, Table 2"
242,Andersson,2013,eCBT post SD,,9.8000000000000007,9.8000000000000007,0,9.8000000000000007,9.8000000000000007,0,"p. 991, Table 2"
242,Andersson,2013,ftfCBT sample size,,33,33,0,33,36,9.0909090909090912E-2,"p. 989, Figure 1"
242,Andersson,2013,ftfCBT pre mean,,24.1,24.1,0,24.1,24.1,0,"p. 991, Table 2"
242,Andersson,2013,ftfCBT pre SD,,5,5,0,5,5,0,"p. 991, Table 2"
242,Andersson,2013,ftfCBT post mean,,17.100000000000001,17.100000000000001,0,17.100000000000001,17.100000000000001,0,"p. 991, Table 2"
242,Andersson,2013,ftfCBT post SD,,8,8,0,8,8,0,"p. 991, Table 2"
